{
"type": "FeatureCollection",
"name": "secciones",
"crs": { "type": "name", "properties": { "name": "urn:ogc:def:crs:EPSG::3857" } },
"features": [
{ "type": "Feature", "properties": { "Layer": "limite seccion", "Text": "024", "UT": "UTS" }, "geometry": { "type": "MultiPolygon", "coordinates": [ [ [ [ -6228062.470083718188107, -3192881.278206543065608 ], [ -6227087.061923310160637, -3195019.92138968128711 ], [ -6227956.829964882694185, -3195474.48762603290379 ], [ -6228664.684055685997009, -3195838.303139307536185 ], [ -6229014.886093188077211, -3196032.427120157051831 ], [ -6229365.098143293522298, -3196226.545148528181016 ], [ -6229746.330836310982704, -3195487.45722076902166 ], [ -6230106.714389061555266, -3194788.739938775543123 ], [ -6230754.170761306770146, -3193536.256025680340827 ], [ -6230765.640497321262956, -3193330.878322377800941 ], [ -6230814.328476693481207, -3192463.37871027411893 ], [ -6230848.910823785699904, -3191908.767389538232237 ], [ -6230891.363781606778502, -3191246.699366888497025 ], [ -6230954.197707648389041, -3190615.296832680702209 ], [ -6230943.513180159032345, -3190533.74972827732563 ], [ -6231001.620683552697301, -3189763.836759853642434 ], [ -6231117.039823519065976, -3188772.172110747080296 ], [ -6231174.458277260884643, -3188319.703379497397691 ], [ -6230619.509416334331036, -3188090.045254111755639 ], [ -6230601.270201513543725, -3187867.643267549574375 ], [ -6230583.742570581845939, -3187628.232847950886935 ], [ -6230548.912524254992604, -3187152.480930534657091 ], [ -6230505.966707610525191, -3186565.860396918375045 ], [ -6230567.352861028164625, -3186285.478144069202244 ], [ -6230589.372485593892634, -3186196.905189583078027 ], [ -6230589.367281030863523, -3186149.192499016411602 ], [ -6230589.734941543079913, -3185997.083424403797835 ], [ -6230590.856222655624151, -3185946.115433202590793 ], [ -6230595.85403661429882, -3185468.729614577721804 ], [ -6230599.522297513671219, -3184957.069202568382025 ], [ -6230602.430901783518493, -3184551.29724821029231 ], [ -6230605.578199812211096, -3184112.155154159292579 ], [ -6230606.295370638370514, -3184012.078133035916835 ], [ -6230607.889306637458503, -3183789.639976736623794 ], [ -6230607.910346620716155, -3183724.461731312330812 ], [ -6230587.509860322810709, -3183724.455062206368893 ], [ -6230504.663509962148964, -3183730.54002474155277 ], [ -6230368.027182390913367, -3183740.846648847684264 ], [ -6230335.547323448583484, -3183743.296437881886959 ], [ -6230335.908631888218224, -3183618.52069185487926 ], [ -6230336.269899416714907, -3183493.746054450049996 ], [ -6230213.287801267579198, -3183498.577969409525394 ], [ -6230090.305651357397437, -3183503.408783081453294 ], [ -6230091.185902083292603, -3183358.716974193230271 ], [ -6230091.779936434701085, -3183261.067005186341703 ], [ -6230215.088271399028599, -3183254.184666927903891 ], [ -6230338.396518091671169, -3183247.301222185604274 ], [ -6230339.489014212042093, -3182945.743528662715107 ], [ -6230340.416442845016718, -3182689.700047682505101 ], [ -6230340.871054691262543, -3182564.174947245046496 ], [ -6230461.391522363759577, -3182511.464657850097865 ], [ -6230550.549889856949449, -3182478.031304499600083 ], [ -6230608.81269261892885, -3182456.161063119769096 ], [ -6230609.448943796567619, -3182403.631212550215423 ], [ -6230609.832840630784631, -3182371.935774410609156 ], [ -6230597.305808108299971, -3182367.574478893075138 ], [ -6230559.051709340885282, -3182354.256208121776581 ], [ -6230517.142637142911553, -3182325.623329933267087 ], [ -6230443.309959733858705, -3182275.179341309703887 ], [ -6230266.272064792923629, -3182148.631982783786952 ], [ -6230125.409309630282223, -3182077.726730994414538 ], [ -6229988.711141425184906, -3182007.965127936564386 ], [ -6229862.655255295336246, -3181942.716131578665227 ], [ -6229909.532495453953743, -3181909.145312518812716 ], [ -6229789.21130236890167, -3181819.554971510544419 ], [ -6229746.990571786649525, -3181787.531854257918894 ], [ -6229728.818078488111496, -3181762.543032493907958 ], [ -6229765.629414716735482, -3181756.525854106992483 ], [ -6229742.631981153972447, -3181738.861147321760654 ], [ -6229715.269939225167036, -3181723.564213427715003 ], [ -6229689.521239926107228, -3181695.859502342995256 ], [ -6229650.87472805287689, -3181656.207572976592928 ], [ -6229591.011048946529627, -3181636.93285201722756 ], [ -6229531.948411343619227, -3181574.413185766432434 ], [ -6229472.886304211802781, -3181511.893560722470284 ], [ -6229438.304501138627529, -3181476.246529485099018 ], [ -6229366.148907447233796, -3181401.867757699918002 ], [ -6229340.451992461457849, -3181375.378915329929441 ], [ -6229267.141774836927652, -3181326.196032353211194 ], [ -6229206.696110283024609, -3181288.510122519452125 ], [ -6229164.181912400759757, -3181264.430879106279463 ], [ -6229124.729636762291193, -3181245.397022321820259 ], [ -6229055.527818377129734, -3181232.671434263698757 ], [ -6229005.521407604217529, -3181210.61011026520282 ], [ -6228944.265422638505697, -3181182.779112638905644 ], [ -6228853.280522612854838, -3181136.116248661652207 ], [ -6228771.563637104816735, -3181084.24386294465512 ], [ -6228654.882138414308429, -3181002.158995853271335 ], [ -6228562.921538768336177, -3180929.236086382064968 ], [ -6228488.400840726681054, -3180863.954529591836035 ], [ -6228458.330462440848351, -3180837.612106528598815 ], [ -6228416.718956751748919, -3180795.130622135009617 ], [ -6228395.115768376737833, -3180773.075674125924706 ], [ -6228357.268791903741658, -3180738.672524316702038 ], [ -6228342.700477797538042, -3180725.668985106050968 ], [ -6228309.906384594738483, -3180697.095246186479926 ], [ -6228269.329650949686766, -3180661.8904440831393 ], [ -6228252.207573886029422, -3180640.333303822670132 ], [ -6228235.085549538955092, -3180618.776177005842328 ], [ -6228103.265187945216894, -3180585.386859475169331 ], [ -6228026.430298122577369, -3180548.98394209658727 ], [ -6227996.13424645550549, -3180537.401141895912588 ], [ -6227965.838247060775757, -3180525.8182861241512 ], [ -6227928.603397347033024, -3180514.675568763632327 ], [ -6227903.549343654885888, -3180507.177955085411668 ], [ -6227848.148910268209875, -3180505.081684551201761 ], [ -6227820.711750138550997, -3180508.320785494055599 ], [ -6227767.147363926284015, -3180514.644182297866791 ], [ -6227750.266908592544496, -3180469.456279150675982 ], [ -6227710.124201034195721, -3180480.271662733983248 ], [ -6227640.099322102963924, -3180519.684638598933816 ], [ -6227616.531347437761724, -3180537.386528808157891 ], [ -6227591.654279884882271, -3180542.594764646142721 ], [ -6227555.380132225342095, -3180542.028853183146566 ], [ -6227541.881248403340578, -3180541.818233244586736 ], [ -6227530.164193099364638, -3180541.635404023341835 ], [ -6227506.991533099673688, -3180557.660864177159965 ], [ -6227480.707390514202416, -3180575.838053419720381 ], [ -6227462.225072998553514, -3180588.61972922179848 ], [ -6227449.676344929262996, -3180597.297936308663338 ], [ -6227431.250347541645169, -3180610.040600508917123 ], [ -6227418.197026822715998, -3180614.073193553369492 ], [ -6227405.669066922739148, -3180617.943472758866847 ], [ -6227397.720098221674562, -3180620.399151618592441 ], [ -6227372.786214241757989, -3180628.101955856196582 ], [ -6227343.374578380025923, -3180637.188004030380398 ], [ -6227323.484872212633491, -3180643.332431691233069 ], [ -6227288.924903992563486, -3180654.008794536348432 ], [ -6227269.60195005312562, -3180659.978054100181907 ], [ -6227257.935981594957411, -3180663.581898170057684 ], [ -6227243.951546032913029, -3180667.901947304606438 ], [ -6227215.718904900364578, -3180676.623481057584286 ], [ -6227196.66091485414654, -3180683.57016539061442 ], [ -6227152.127478287555277, -3180699.80260269716382 ], [ -6227152.127457350492477, -3180699.802602436859161 ], [ -6227109.33527981583029, -3180715.400187617633492 ], [ -6227074.464882014319301, -3180707.934296221006662 ], [ -6227039.594524336047471, -3180700.468321592081338 ], [ -6227013.494363478384912, -3180720.964186149183661 ], [ -6226968.755294649861753, -3180756.09657169599086 ], [ -6226937.159646520391107, -3180780.601159687619656 ], [ -6226908.99594290368259, -3180788.959462157916278 ], [ -6226882.52973950188607, -3180796.573833679314703 ], [ -6226864.331174740567803, -3180801.809559284243733 ], [ -6226827.797251211479306, -3180812.320286710280925 ], [ -6226714.129387537948787, -3180834.542127972934395 ], [ -6226618.204960947856307, -3180895.905197251122445 ], [ -6226575.724035874940455, -3180901.358053253032267 ], [ -6226543.612385085783899, -3180905.47981925914064 ], [ -6226501.267587661743164, -3180910.914967756718397 ], [ -6226488.459751153364778, -3180922.396061582490802 ], [ -6226477.816712437197566, -3180931.936588629148901 ], [ -6226470.14723355602473, -3180938.811577235348523 ], [ -6226457.273685216903687, -3180950.351521836593747 ], [ -6226449.298105745576322, -3180957.500879461411387 ], [ -6226413.279534083791077, -3180989.78803787752986 ], [ -6226322.488930828869343, -3181062.480478803627193 ], [ -6226206.016828597523272, -3181078.51794207142666 ], [ -6226131.857667584903538, -3181088.728658122010529 ], [ -6226089.544488453306258, -3181094.554428728297353 ], [ -6226055.101700818166137, -3181096.575846794527024 ], [ -6225969.009875632822514, -3181101.628123946953565 ], [ -6225974.540823836810887, -3181069.003537395037711 ], [ -6225922.91486416850239, -3181068.21176433423534 ], [ -6225866.244827282615006, -3181067.342408618424088 ], [ -6225823.068646849133074, -3181066.679900887887925 ], [ -6225768.434939527884126, -3181039.698620918672532 ], [ -6225717.553981061093509, -3181014.570426140446216 ], [ -6225687.845025982707739, -3180949.789329430088401 ], [ -6225681.182860347442329, -3180931.771638508420438 ], [ -6225673.370793952606618, -3180910.644033220596611 ], [ -6225661.773274849168956, -3180899.039699014276266 ], [ -6225643.238038700073957, -3180867.390774370636791 ], [ -6225630.818604083731771, -3180846.184532030019909 ], [ -6225624.033625973388553, -3180834.599132826086134 ], [ -6225617.491755930706859, -3180823.42883067112416 ], [ -6225610.478841993957758, -3180811.454204021953046 ], [ -6225602.162380664609373, -3180797.253738889936358 ], [ -6225526.964321021921933, -3180765.142157601658255 ], [ -6225492.017209324985743, -3180750.218643706291914 ], [ -6225441.15113883279264, -3180722.132701685652137 ], [ -6225417.485433803871274, -3180709.065488254185766 ], [ -6225390.285278075374663, -3180694.046634373720735 ], [ -6225369.603136708959937, -3180669.073029324878007 ], [ -6225366.008152294903994, -3180664.732092164922506 ], [ -6225360.991322244517505, -3180658.674275266937912 ], [ -6225355.530753135681152, -3180653.157552713062614 ], [ -6225344.069498460739851, -3180638.24115933617577 ], [ -6225329.332074185833335, -3180620.445667505729944 ], [ -6225317.636573871597648, -3180606.323283037170768 ], [ -6225283.173005681484938, -3180568.661343849264085 ], [ -6225259.014276883564889, -3180542.260469550732523 ], [ -6225241.161059871315956, -3180522.750257042236626 ], [ -6225230.257090399973094, -3180513.860523157287389 ], [ -6225222.936170363798738, -3180507.891952092759311 ], [ -6225218.555370553396642, -3180504.320387734100223 ], [ -6225208.587816691957414, -3180496.194064093753695 ], [ -6225175.863164796493948, -3180469.51430529775098 ], [ -6225097.307118814438581, -3180417.276145219802856 ], [ -6225020.006984213367105, -3180373.279422066174448 ], [ -6225000.123029978014529, -3180364.52171880658716 ], [ -6224957.828756314702332, -3180344.955113159958273 ], [ -6224932.212212800979614, -3180339.742258405312896 ], [ -6224921.363999590277672, -3180335.27288405271247 ], [ -6224892.752443487755954, -3180330.262566410005093 ], [ -6224866.297723210416734, -3180322.769665561616421 ], [ -6224841.165592305362225, -3180319.802555065602064 ], [ -6224800.801490894518793, -3180330.568029653280973 ], [ -6224768.670853551477194, -3180351.973457664251328 ], [ -6224737.04987474437803, -3180359.407429437618703 ], [ -6224732.765887706540525, -3180360.822437984403223 ], [ -6224679.965572685003281, -3180366.885080139152706 ], [ -6224648.572151210159063, -3180367.388282815925777 ], [ -6224645.864415124990046, -3180367.632516518235207 ], [ -6224588.605629951693118, -3180340.163379021920264 ], [ -6224570.464818879030645, -3180328.550424487330019 ], [ -6224553.715170281007886, -3180321.524732055142522 ], [ -6224518.373613665811718, -3180304.951102719642222 ], [ -6224480.135112174786627, -3180277.796716778539121 ], [ -6224469.918663869611919, -3180263.1060781176202 ], [ -6224458.735870602540672, -3180250.706632803194225 ], [ -6224438.945698936469853, -3180242.759249586611986 ], [ -6224413.44430558104068, -3180240.031929776072502 ], [ -6224363.128547029569745, -3180223.296823668759316 ], [ -6224333.540892142802477, -3180193.048131497111171 ], [ -6224311.267352251335979, -3180177.215430094394833 ], [ -6224283.841736032627523, -3180160.61045013088733 ], [ -6224249.302352360449731, -3180143.513819502666593 ], [ -6224211.742078892886639, -3180131.746545863337815 ], [ -6224193.939666019752622, -3180127.021478654351085 ], [ -6224171.930166391655803, -3180128.118053374812007 ], [ -6224143.561397600919008, -3180125.731596573255956 ], [ -6224134.191303733736277, -3180100.892560954205692 ], [ -6224124.281065565533936, -3180095.177090534940362 ], [ -6224113.717550029046834, -3180095.404851445928216 ], [ -6224103.730357851833105, -3180095.620178858283907 ], [ -6224042.706444247625768, -3180055.284436363726854 ], [ -6224018.48484804853797, -3180031.492427768185735 ], [ -6223985.496620776131749, -3179927.852011048234999 ], [ -6223970.171729067340493, -3179900.823909438680857 ], [ -6223949.350261929444969, -3179913.026461868546903 ], [ -6223941.992293855175376, -3179877.385488136671484 ], [ -6223940.131590807810426, -3179860.925138535909355 ], [ -6223925.361468083225191, -3179830.927495501469821 ], [ -6223914.684548057615757, -3179791.233990056440234 ], [ -6223904.443925568833947, -3179768.119171655271202 ], [ -6223892.458264790475368, -3179745.124721992295235 ], [ -6223881.367464570328593, -3179718.291136520914733 ], [ -6223864.540170723572373, -3179701.307458177674562 ], [ -6223856.698555556125939, -3179691.180938830133528 ], [ -6223840.842330086044967, -3179673.134751267265528 ], [ -6223833.306526273488998, -3179660.952171386685222 ], [ -6223818.698769189417362, -3179638.360725524369627 ], [ -6223815.590595725923777, -3179617.285445684101433 ], [ -6223797.63416269980371, -3179611.230080635286868 ], [ -6223790.995839459821582, -3179580.873052581213415 ], [ -6223741.057491519488394, -3179535.94497589673847 ], [ -6223698.625883183442056, -3179482.941573888529092 ], [ -6223603.083962582983077, -3179426.040110499598086 ], [ -6223487.760541404597461, -3179332.456979853101075 ], [ -6223291.474757615476847, -3179083.066051560454071 ], [ -6223287.440956894308329, -3179077.97101672179997 ], [ -6223236.854833367280662, -3179101.506203138269484 ], [ -6223215.225315359421074, -3179109.298010830767453 ], [ -6223193.595774083398283, -3179117.089788042474538 ], [ -6223193.595774083398283, -3179117.089788042474538 ], [ -6223248.887378707528114, -3179302.424822931177914 ], [ -6223148.307097934186459, -3179418.08595347777009 ], [ -6223148.307097934186459, -3179418.085953476838768 ], [ -6223082.30577480699867, -3179442.442609156947583 ], [ -6222986.220053300261497, -3179416.840111758559942 ], [ -6222971.127902206964791, -3179364.328829764854163 ], [ -6222807.703846326097846, -3179437.270088614430279 ], [ -6222713.466714834794402, -3179461.229629840236157 ], [ -6222651.641876678913832, -3179474.849493553861976 ], [ -6222436.263863636180758, -3179443.655578978825361 ], [ -6222358.373443367891014, -3179527.728096522390842 ], [ -6222178.655201751738787, -3179681.074452894274145 ], [ -6222110.903604279272258, -3179601.902358487714082 ], [ -6221866.324608346447349, -3179649.885437251534313 ], [ -6221770.913839225657284, -3179673.16147228423506 ], [ -6221757.74668331630528, -3179727.13451825780794 ], [ -6221742.692440481856465, -3179782.006305366754532 ], [ -6221731.326671537943184, -3179830.959572718478739 ], [ -6221663.609790848568082, -3179914.331316629424691 ], [ -6221572.596512389369309, -3180237.111322226468474 ], [ -6221463.850762252695858, -3180334.519622436258942 ], [ -6221418.236546498723328, -3180518.143585192039609 ], [ -6221456.0116574941203, -3180725.985968778375536 ], [ -6221593.821385899558663, -3180757.385413945186883 ], [ -6221663.114835727028549, -3180858.512794661801308 ], [ -6221837.94090483430773, -3180965.363336377777159 ], [ -6221883.448046498931944, -3181220.02450545411557 ], [ -6221881.871627951040864, -3181250.244683227036148 ], [ -6221880.318365610204637, -3181277.836089889518917 ], [ -6221880.131795288063586, -3181298.867073691450059 ], [ -6221877.270433944649994, -3181326.44684721948579 ], [ -6221884.968460182659328, -3181343.604973779059947 ], [ -6221926.659326821565628, -3181367.116641770116985 ], [ -6221958.536043510772288, -3181370.701610608492047 ], [ -6221975.825622640550137, -3181393.349390054121614 ], [ -6222016.325134565122426, -3181402.147018044255674 ], [ -6222056.750140844844282, -3181419.378659742418677 ], [ -6222093.108502920717001, -3181421.812885913997889 ], [ -6222116.713004077784717, -3181442.40833955258131 ], [ -6222116.501406231895089, -3181466.305280946660787 ], [ -6222078.432492574676871, -3181499.00119176087901 ], [ -6222059.878825508058071, -3181500.812194262631238 ], [ -6221984.061815477907658, -3181569.149911660235375 ], [ -6221983.644374119117856, -3181616.241374775767326 ], [ -6222007.305247319862247, -3181630.511599185876548 ], [ -6222026.13126327842474, -3181637.709355019964278 ], [ -6222065.43480637576431, -3181669.397541774902493 ], [ -6222090.834542032331228, -3181692.380549513734877 ], [ -6222112.295823984779418, -3181715.328302362468094 ], [ -6222134.943157655186951, -3181715.53097175154835 ], [ -6222155.752510994672775, -3181700.876500871498138 ], [ -6222189.318775022402406, -3181691.283022031188011 ], [ -6222203.034148502163589, -3181699.320693589281291 ], [ -6222227.46700388379395, -3181720.316120758187026 ], [ -6222246.204935780726373, -3181740.173634364269674 ], [ -6222246.886839964427054, -3181770.819708701223135 ], [ -6222241.416918472386897, -3181796.623383028432727 ], [ -6222225.267781883478165, -3181832.968293419107795 ], [ -6222211.213619884103537, -3181857.694843280129135 ], [ -6222208.307769069448113, -3181908.919442594517022 ], [ -6222219.88351412769407, -3181934.517078558914363 ], [ -6222247.30504172667861, -3181973.919089787639678 ], [ -6222277.416106324642897, -3181989.909748984966427 ], [ -6222293.920573293231428, -3182011.019169123843312 ], [ -6222321.843558832071722, -3182038.519340788479894 ], [ -6222353.936699691228569, -3182078.973123493604362 ], [ -6222362.482067002914846, -3182117.182781361043453 ], [ -6222358.929291320033371, -3182153.661660470068455 ], [ -6222338.48401946015656, -3182182.687672717496753 ], [ -6222350.122945404611528, -3182236.340917346067727 ], [ -6222363.434465884231031, -3182283.518431494478136 ], [ -6222411.619036215357482, -3182313.96908839000389 ], [ -6222409.548753648065031, -3182332.070334382820874 ], [ -6222405.025129835121334, -3182366.33886098396033 ], [ -6222409.524527415633202, -3182405.776744434144348 ], [ -6222420.944351946935058, -3182450.824650394264609 ], [ -6222444.100114087574184, -3182542.167020241729915 ], [ -6222447.444174426607788, -3182578.012459186837077 ], [ -6222399.752677330747247, -3182629.02687600441277 ], [ -6222448.385081256739795, -3182697.332784178201109 ], [ -6222477.67063906416297, -3182775.964367968030274 ], [ -6222485.639169489964843, -3182833.743663021363318 ], [ -6222510.315257626585662, -3182910.767329540569335 ], [ -6222548.862582132220268, -3182904.385744591709226 ], [ -6222580.195268100127578, -3182888.562722171656787 ], [ -6222642.540717585012317, -3182925.15157864568755 ], [ -6222671.274979085661471, -3182997.144754036795348 ], [ -6222677.311341661028564, -3183097.374281459022313 ], [ -6222758.105856625363231, -3183215.637315715663135 ], [ -6222815.334477986209095, -3183261.743493929039687 ], [ -6222812.884294015355408, -3183357.147806727327406 ], [ -6222784.707100278697908, -3183449.088924843352288 ], [ -6222829.527876780368388, -3183494.048122604843229 ], [ -6222855.303861833177507, -3183583.231971122324467 ], [ -6222908.250683340243995, -3183603.273181023541838 ], [ -6222959.379881113767624, -3183628.635301890317351 ], [ -6222988.616213824599981, -3183725.41113148117438 ], [ -6222996.72780935280025, -3183785.783018998801708 ], [ -6223054.219783278182149, -3183899.154447573237121 ], [ -6223079.783435405232012, -3183912.761452894192189 ], [ -6223102.115694982931018, -3183969.346520751714706 ], [ -6223174.001217762939632, -3184015.858952978160232 ], [ -6223226.491305381990969, -3184190.143934820778668 ], [ -6223317.210913642309606, -3184291.091312295757234 ], [ -6223352.281161443330348, -3184444.197100680787116 ], [ -6223370.643791703507304, -3184524.583932001609355 ], [ -6223398.023531893268228, -3184601.703295898158103 ], [ -6223403.807466468773782, -3184674.925315443426371 ], [ -6223427.0093545736745, -3184716.020667671691626 ], [ -6223476.272228376939893, -3184716.457109184935689 ], [ -6223538.103406338952482, -3184749.286136673297733 ], [ -6223565.390973441302776, -3184827.021710147149861 ], [ -6223572.882092624902725, -3184876.167257055640221 ], [ -6223599.180753564462066, -3184888.338249828200787 ], [ -6223615.948097372427583, -3184933.586619881913066 ], [ -6223692.332093359902501, -3184955.485838225111365 ], [ -6223775.085284135304391, -3185003.970600829925388 ], [ -6223849.254597363993526, -3185050.277918670792133 ], [ -6223858.719793556258082, -3185158.921210800297558 ], [ -6223900.135455887764692, -3185186.753865704406053 ], [ -6223974.129072846844792, -3185210.950112547259778 ], [ -6224078.766504027880728, -3185227.590578872244805 ], [ -6224196.773999061435461, -3185237.658035321626812 ], [ -6224261.931660288013518, -3185273.053075219970196 ], [ -6224305.482614047825336, -3185283.753748454153538 ], [ -6224409.65225510019809, -3185261.455684392247349 ], [ -6224511.437371654435992, -3185244.139898585155606 ], [ -6224631.417595827020705, -3185251.446290334686637 ], [ -6224745.448545686900616, -3185300.360291655175388 ], [ -6224843.992894478142262, -3185385.491710935719311 ], [ -6224910.470509678125381, -3185460.258725939784199 ], [ -6224972.571361863054335, -3185523.747400742024183 ], [ -6225066.268111524172127, -3185556.039586821570992 ], [ -6225175.192447991110384, -3185578.142016381956637 ], [ -6225258.457035766914487, -3185555.024845892097801 ], [ -6225376.94074235484004, -3185575.928977707866579 ], [ -6225503.208020162768662, -3185634.48315569665283 ], [ -6225637.555217735469341, -3185633.365343191660941 ], [ -6225720.391627355478704, -3185654.427413568366319 ], [ -6225814.769818651489913, -3185718.833351647481322 ], [ -6225913.327264472842216, -3185730.1411585775204 ], [ -6225983.442275376990438, -3185738.255357115063816 ], [ -6226043.785594103857875, -3185762.243266934063286 ], [ -6226125.010191321372986, -3185772.072589889634401 ], [ -6226199.035559419542551, -3185802.422107522841543 ], [ -6226257.07534699048847, -3185908.687937796115875 ], [ -6226300.76874422095716, -3185969.351564833894372 ], [ -6226312.761876131407917, -3186019.919262305833399 ], [ -6226364.308510387316346, -3186048.166919398587197 ], [ -6226391.204772395081818, -3186086.411316734738648 ], [ -6226436.45084676053375, -3186105.903877068310976 ], [ -6226494.117073651403189, -3186164.010170810390264 ], [ -6226517.368067145347595, -3186213.566759820096195 ], [ -6226556.345457347109914, -3186267.409205724485219 ], [ -6226594.08177275583148, -3186343.703659175895154 ], [ -6226649.957383904606104, -3186450.92348545929417 ], [ -6226686.335665226913989, -3186525.61751366360113 ], [ -6226704.136964411474764, -3186608.41607597284019 ], [ -6226715.840122547000647, -3186682.897906730882823 ], [ -6226715.169998871162534, -3186761.40574956079945 ], [ -6226733.042261111550033, -3186835.941600746940821 ], [ -6226753.677532787434757, -3186977.368919160682708 ], [ -6226751.007551034912467, -3187028.887634722515941 ], [ -6226769.43932799436152, -3187090.672885620966554 ], [ -6226766.807455407455564, -3187137.710418699774891 ], [ -6226774.384158874861896, -3187164.667365764267743 ], [ -6226788.02549750264734, -3187199.745345203671604 ], [ -6226796.821530546061695, -3187252.326456975657493 ], [ -6226800.902526846155524, -3187292.350977195426822 ], [ -6226802.526107895188034, -3187361.235715114511549 ], [ -6226793.18903349712491, -3187418.918043585959822 ], [ -6226779.448489055968821, -3187474.340941711794585 ], [ -6226763.401933380402625, -3187540.852559293620288 ], [ -6226747.468984511680901, -3187594.035360659472644 ], [ -6226760.356613860465586, -3187638.5801828247495 ], [ -6226799.929614600725472, -3187665.581735769752413 ], [ -6226817.012317423708737, -3187736.823324759490788 ], [ -6226823.001398667693138, -3187812.413028435781598 ], [ -6226780.591193689964712, -3187858.703433042392135 ], [ -6226778.076703563332558, -3187894.229377444367856 ], [ -6226786.731767371296883, -3187916.521272170823067 ], [ -6226826.766960883513093, -3187939.937250148970634 ], [ -6226834.037518278695643, -3187978.16101158130914 ], [ -6226842.365170883014798, -3188019.664874438662082 ], [ -6226849.598611164838076, -3188062.249797636643052 ], [ -6226857.310255527496338, -3188130.778467070311308 ], [ -6226850.321995126083493, -3188197.373806798830628 ], [ -6226856.365879980847239, -3188241.504820078145713 ], [ -6226851.911727420985699, -3188261.893234884832054 ], [ -6226819.390016860328615, -3188311.067409794777632 ], [ -6226824.979403055272996, -3188356.492511030286551 ], [ -6226837.895779394544661, -3188394.614892481826246 ], [ -6226860.237595434300601, -3188436.619645961560309 ], [ -6226841.046567001380026, -3188468.763736579567194 ], [ -6226876.250505308620632, -3188532.193639850243926 ], [ -6226930.488367028534412, -3188545.262094267643988 ], [ -6226949.085444252938032, -3188570.624432869721204 ], [ -6226969.79075108282268, -3188593.904785400256515 ], [ -6226961.286663936451077, -3188610.633094921242446 ], [ -6226971.505207172594965, -3188638.023603329434991 ], [ -6226967.181489088572562, -3188654.787896583322436 ], [ -6226946.136159217916429, -3188671.408249359577894 ], [ -6226950.155465494841337, -3188690.34462159499526 ], [ -6226947.92198609188199, -3188707.127049408387393 ], [ -6226941.506559050641954, -3188724.746816983446479 ], [ -6226939.852515717968345, -3188753.378729564603418 ], [ -6226908.178440993651748, -3188811.484316458459944 ], [ -6226866.620835221372545, -3188865.233328674919903 ], [ -6226889.954668103717268, -3188898.524875150527805 ], [ -6226914.523819175548851, -3188925.921293539460748 ], [ -6226920.978664231486619, -3188962.223241539672017 ], [ -6226929.746264918707311, -3188991.748923275154084 ], [ -6226947.493822480551898, -3189025.882917524315417 ], [ -6226947.262106041423976, -3189053.065853231120855 ], [ -6226953.755704512819648, -3189084.837540978100151 ], [ -6226966.994131362065673, -3189118.932895511388779 ], [ -6226971.252450791187584, -3189148.420116771943867 ], [ -6226975.433562812395394, -3189186.968397062271833 ], [ -6226986.378700313158333, -3189225.575113562401384 ], [ -6226979.189965921454132, -3189275.35291929775849 ], [ -6226971.96255864482373, -3189329.661552933976054 ], [ -6226993.138949609361589, -3189490.692246425431222 ], [ -6227004.026439456269145, -3189536.095694597344846 ], [ -6227005.181777535937726, -3189648.349924727808684 ], [ -6227023.582257816568017, -3189734.372932841535658 ], [ -6227027.930853818543255, -3189822.838616137392819 ], [ -6227027.05734751932323, -3189925.357283307239413 ], [ -6227059.36574587225914, -3189981.763191924896091 ], [ -6227010.521570817567408, -3190047.006591268349439 ], [ -6226992.833891252055764, -3190044.996864655520767 ], [ -6227067.681432405486703, -3190331.969336844515055 ], [ -6227067.517896361649036, -3190407.912534331902862 ], [ -6227067.464019328355789, -3190432.930634866468608 ], [ -6227067.246579928323627, -3190533.892660106532276 ], [ -6227076.3522017756477, -3190552.263985355850309 ], [ -6227174.290899706073105, -3190595.246554478537291 ], [ -6227174.429408386349678, -3190626.568188247270882 ], [ -6227174.772757947444916, -3190704.213338119909167 ], [ -6227175.084749137051404, -3190774.769400833174586 ], [ -6227175.25201665610075, -3190812.597453116904944 ], [ -6227175.378406566567719, -3190841.181330153718591 ], [ -6227175.623778776265681, -3190896.674832296092063 ], [ -6227205.875009469687939, -3190920.609806319698691 ], [ -6227232.92850633803755, -3190959.162972284015268 ], [ -6227259.982151969335973, -3190997.716195747256279 ], [ -6227284.351971357129514, -3191058.884212889242917 ], [ -6227253.971026979386806, -3191351.143029716797173 ], [ -6227573.575191491283476, -3191982.196416741702706 ], [ -6227677.698104627430439, -3192125.020843965001404 ], [ -6228062.470083718188107, -3192881.278206543065608 ] ] ] ] } },
{ "type": "Feature", "properties": { "Layer": "limite seccion", "Text": "011", "UT": "UTE" }, "geometry": { "type": "MultiPolygon", "coordinates": [ [ [ [ -6221301.426495759747922, -3180156.648577911779284 ], [ -6221345.082587802782655, -3180173.862497297115624 ], [ -6221390.415133578702807, -3180196.277385461144149 ], [ -6221436.526660236530006, -3180227.38098035659641 ], [ -6221479.096021647565067, -3180303.289089943282306 ], [ -6221463.850762327201664, -3180334.51962203765288 ], [ -6221572.596512380987406, -3180237.111322258133441 ], [ -6221634.562365754507482, -3180018.124267947394401 ], [ -6221663.609790848568082, -3179914.331316627096385 ], [ -6221731.326671537943184, -3179830.959572720807046 ], [ -6221742.692440481856465, -3179782.006305369082838 ], [ -6221757.74668331630528, -3179727.13451825780794 ], [ -6221770.913839225657284, -3179673.16147228423506 ], [ -6221866.324608346447349, -3179649.885437251534313 ], [ -6221951.094219942577183, -3179633.255304757505655 ], [ -6222110.903604281134903, -3179601.902358487714082 ], [ -6222178.655201751738787, -3179681.074452894274145 ], [ -6222358.373443365097046, -3179527.728096522390842 ], [ -6222436.263863636180758, -3179443.655578978825361 ], [ -6222606.278008755296469, -3179466.854501469060779 ], [ -6222651.641876679845154, -3179474.849493550602347 ], [ -6222713.466714834794402, -3179461.229629840236157 ], [ -6222807.703846322372556, -3179437.270088614430279 ], [ -6222971.127902198582888, -3179364.328829739242792 ], [ -6222986.220053300261497, -3179416.840111758559942 ], [ -6223082.30577480699867, -3179442.442609156947583 ], [ -6223148.307097934186459, -3179418.08595347777009 ], [ -6223248.887378707528114, -3179302.424822931177914 ], [ -6223193.595774083398283, -3179117.089788042474538 ], [ -6223236.854833367280662, -3179101.506203138269484 ], [ -6223287.440956894308329, -3179077.97101672179997 ], [ -6223487.760541405528784, -3179332.456979852169752 ], [ -6223485.925520313903689, -3179328.670482555404305 ], [ -6223287.440956894308329, -3179077.97101672179997 ], [ -6223264.802478526718915, -3179012.836616263724864 ], [ -6223283.2896932316944, -3178956.957066974136978 ], [ -6223323.768543235957623, -3178900.23209080984816 ], [ -6223290.602636910043657, -3178842.855196106713265 ], [ -6223206.035336320288479, -3178872.515501994173974 ], [ -6223077.250282984226942, -3178820.316361211240292 ], [ -6223010.420263918116689, -3178831.652330434415489 ], [ -6223025.0986865516752, -3178732.157327336724848 ], [ -6223033.104643557220697, -3178658.221688167192042 ], [ -6223143.58163783326745, -3178667.871966828592122 ], [ -6223222.945598758757114, -3178608.403841511812061 ], [ -6223233.110015231184661, -3178517.478346812073141 ], [ -6223121.86296334862709, -3178393.211620608810335 ], [ -6223013.141029712744057, -3178361.948437821120024 ], [ -6222931.594515110366046, -3178299.010557598434389 ], [ -6223037.893586145713925, -3178237.041761577595025 ], [ -6223074.468725823797286, -3178191.929574753157794 ], [ -6223105.527275742031634, -3178176.734973058104515 ], [ -6223105.527275742031634, -3178176.734973055776209 ], [ -6223088.62387496419251, -3178141.267947683110833 ], [ -6223055.487977948971093, -3178113.859056523535401 ], [ -6223043.163417411968112, -3178100.759039647877216 ], [ -6223019.773648606613278, -3178082.751700079999864 ], [ -6222971.65074504353106, -3178043.676571225747466 ], [ -6222966.356675303541124, -3178012.010483750607818 ], [ -6222949.267325889319181, -3177979.559794983360916 ], [ -6222938.224152908660471, -3177961.780907286331058 ], [ -6222930.878571136854589, -3177948.053254786878824 ], [ -6222924.335214913822711, -3177934.064860156737268 ], [ -6222918.268569, -3177926.509977718349546 ], [ -6222907.164520811289549, -3177912.928112358320504 ], [ -6222891.409029447473586, -3177890.617716825567186 ], [ -6222875.360646137967706, -3177874.58552105538547 ], [ -6222863.377945358864963, -3177857.504035528283566 ], [ -6222851.257251221686602, -3177834.161472702398896 ], [ -6222844.710839482024312, -3177823.862837855238467 ], [ -6222836.238653038628399, -3177792.978926776908338 ], [ -6222828.321585836820304, -3177789.190680869389325 ], [ -6222806.964523809030652, -3177780.926924933679402 ], [ -6222789.462779878638685, -3177759.544815958011895 ], [ -6222751.692989849485457, -3177699.548810641281307 ], [ -6222750.078763518482447, -3177677.103459293488413 ], [ -6222741.242657322436571, -3177628.657360803801566 ], [ -6222742.0713862311095, -3177617.414363441988826 ], [ -6222754.999779097735882, -3177563.197491518687457 ], [ -6222796.327361377887428, -3177537.725025066640228 ], [ -6222814.608767101541162, -3177535.090969663579017 ], [ -6222842.57843731623143, -3177542.291327719110996 ], [ -6222876.776278069242835, -3177556.770089396741241 ], [ -6222923.355568274855614, -3177551.831247390713543 ], [ -6222960.326032619923353, -3177544.543123784009367 ], [ -6222969.029537256807089, -3177522.283933586906642 ], [ -6222969.278851939365268, -3177502.242413643747568 ], [ -6222969.646569516509771, -3177472.682714404072613 ], [ -6222968.525441221892834, -3177458.046075724530965 ], [ -6222961.320633784867823, -3177409.352831665892154 ], [ -6222961.852033874951303, -3177365.151409186422825 ], [ -6222966.697867339476943, -3177337.002097968012094 ], [ -6222991.011265996843576, -3177320.812979385722429 ], [ -6223031.170908115804195, -3177321.160680753178895 ], [ -6223057.340041778981686, -3177319.680972418282181 ], [ -6223070.865721345879138, -3177323.535774478688836 ], [ -6223087.071839556097984, -3177326.503269483335316 ], [ -6223101.103348303586245, -3177329.076054211240262 ], [ -6223118.009334326721728, -3177330.699659306555986 ], [ -6223127.271776368841529, -3177327.941255821380764 ], [ -6223135.045619806274772, -3177312.508373667951673 ], [ -6223137.80746463406831, -3177287.650139139033854 ], [ -6223152.771869340911508, -3177200.977541737258434 ], [ -6223156.371342658065259, -3177170.712920359801501 ], [ -6223153.917221616022289, -3177153.22725228453055 ], [ -6223152.113304713740945, -3177144.188186054583639 ], [ -6223149.31881795451045, -3177135.675408069975674 ], [ -6223143.988296700641513, -3177132.655656310264021 ], [ -6223138.233059470541775, -3177126.01063700998202 ], [ -6223130.275671727024019, -3177117.874033837579191 ], [ -6223118.335492205806077, -3177106.533137685619295 ], [ -6223094.744894348084927, -3177097.322388557251543 ], [ -6223074.662942632101476, -3177091.652116080746055 ], [ -6223058.278488427400589, -3177084.842170907650143 ], [ -6223042.195702165365219, -3177077.258721684571356 ], [ -6223042.195702165365219, -3177077.258721684571356 ], [ -6223030.95964839309454, -3177071.713983117137104 ], [ -6223014.753258505836129, -3177063.164409221615642 ], [ -6222948.021137176081538, -3177041.074350428767502 ], [ -6222755.469085934571922, -3176981.381532181985676 ], [ -6222555.520030602812767, -3176920.133621666580439 ], [ -6222321.583105221390724, -3176850.868947653099895 ], [ -6222249.590734208002687, -3176825.991396745666862 ], [ -6222249.590734208002687, -3176825.991396745666862 ], [ -6222188.295841859653592, -3176870.60682218382135 ], [ -6222069.102273605763912, -3176957.364405930507928 ], [ -6221947.884808832779527, -3177044.977904920931906 ], [ -6221829.590088232420385, -3177134.567709789145738 ], [ -6221716.686743041500449, -3177223.547181723173708 ], [ -6221569.500903743319213, -3177414.633538876660168 ], [ -6221115.354340386576951, -3177944.95538586890325 ], [ -6220943.078638277947903, -3178157.169265904463828 ], [ -6220900.604203578084707, -3178209.348929190542549 ], [ -6220872.41100818105042, -3178242.764891715254635 ], [ -6220853.914801870472729, -3178266.86747128656134 ], [ -6220812.218568825162947, -3178303.075664517004043 ], [ -6220550.632407546043396, -3178476.24463239684701 ], [ -6220268.929606107994914, -3178658.398243348114192 ], [ -6220249.173640192486346, -3178678.830792859196663 ], [ -6220097.327574372291565, -3178834.78847233671695 ], [ -6219925.612446109764278, -3179022.595749838277698 ], [ -6219727.597023805603385, -3179240.985016842838377 ], [ -6219399.48275547940284, -3179595.832164890598506 ], [ -6219214.172324335202575, -3179792.755970793776214 ], [ -6219030.419023318216205, -3179996.073484240565449 ], [ -6218919.00501215364784, -3180122.048138217069209 ], [ -6218799.524844448082149, -3180234.378136993851513 ], [ -6218717.068891458213329, -3180335.406832992099226 ], [ -6218644.069481828249991, -3180432.194443576037884 ], [ -6218629.743154386989772, -3180467.885449490975589 ], [ -6218609.408065055496991, -3180544.050403494853526 ], [ -6218607.444678589701653, -3180638.771661422215402 ], [ -6218611.878241248428822, -3180775.681736826896667 ], [ -6218622.19318101555109, -3180906.701959503348917 ], [ -6218627.096808599308133, -3181037.482070954982191 ], [ -6218639.805537139996886, -3181255.288441971875727 ], [ -6218678.008827023208141, -3181249.669550220482051 ], [ -6218759.780860924161971, -3181234.990321040153503 ], [ -6218827.526137820445001, -3181229.718403595034033 ], [ -6218878.745429950766265, -3181221.087593969423324 ], [ -6218940.280460952781141, -3181214.017228601500392 ], [ -6219005.598577043972909, -3181202.727162940893322 ], [ -6219050.307773188687861, -3181194.059600369539112 ], [ -6219080.190173014998436, -3181186.116092739626765 ], [ -6219106.875726974569261, -3181178.982985607348382 ], [ -6219159.737433196976781, -3181170.245326804928482 ], [ -6219196.191263570450246, -3181156.99900941317901 ], [ -6219224.004697449505329, -3181127.286781954579055 ], [ -6219233.192476245574653, -3181067.530528488568962 ], [ -6219248.5153853232041, -3181000.862797610461712 ], [ -6219290.368701967410743, -3180924.124217383097857 ], [ -6219315.203756718896329, -3180865.541198736988008 ], [ -6219317.522850810550153, -3180838.063532759435475 ], [ -6219319.982307950034738, -3180828.180543512105942 ], [ -6219320.768631698563695, -3180792.841824426781386 ], [ -6219291.762731218710542, -3180806.929810889530927 ], [ -6219426.263028906658292, -3180682.100687704980373 ], [ -6219459.90574315842241, -3180646.939819531980902 ], [ -6219481.853621023707092, -3180608.213641857262701 ], [ -6219524.95087410043925, -3180567.817913934122771 ], [ -6219564.211388492956758, -3180522.416203407105058 ], [ -6219587.179006712511182, -3180489.680811555590481 ], [ -6219626.99831576552242, -3180453.231260341592133 ], [ -6219659.071593381464481, -3180403.490942423697561 ], [ -6219732.846178937703371, -3180405.455631183460355 ], [ -6219949.002038675360382, -3180417.178493679966778 ], [ -6219998.06169365067035, -3180381.850994579493999 ], [ -6220033.053644740022719, -3180340.228761308360845 ], [ -6220021.297212603501976, -3180288.974821351002902 ], [ -6220009.944931720383465, -3180214.158088341355324 ], [ -6219971.508202129974961, -3180086.210005388129503 ], [ -6219982.015168579295278, -3180054.691339200362563 ], [ -6220028.091120837256312, -3180045.907031698152423 ], [ -6220073.687190551310778, -3180035.731208543293178 ], [ -6220103.644892310723662, -3180028.011939601972699 ], [ -6220137.997831182554364, -3180020.414903865661472 ], [ -6220193.359345957636833, -3180008.850023452658206 ], [ -6220239.50761653482914, -3179995.180718632880598 ], [ -6220317.298712995834649, -3179981.437284854240716 ], [ -6220358.073111238889396, -3179965.551396363414824 ], [ -6220390.859529881738126, -3179958.262745494954288 ], [ -6220425.485879568383098, -3179946.294556657783687 ], [ -6220454.711451732553542, -3179951.38707906473428 ], [ -6220482.184992903843522, -3179957.092863532714546 ], [ -6220516.148586029186845, -3179960.054670501034707 ], [ -6220576.247664572671056, -3179965.485708025284111 ], [ -6220629.829869335517287, -3179968.726521069649607 ], [ -6220696.259687693789601, -3179985.138656225986779 ], [ -6220728.223339564166963, -3179993.524120204616338 ], [ -6220748.576090443879366, -3180007.441881240811199 ], [ -6220788.108616912737489, -3180021.867542187683284 ], [ -6220828.1019850615412, -3180033.331653104163706 ], [ -6220850.098338081501424, -3180035.719558717682958 ], [ -6220904.295319899916649, -3180051.736842425074428 ], [ -6220933.05059134028852, -3180062.028508432209492 ], [ -6220961.983303614892066, -3180068.897689763456583 ], [ -6221006.711495225317776, -3180081.879088691435754 ], [ -6221052.952683518640697, -3180099.589602774009109 ], [ -6221064.352135729044676, -3180103.910122866276652 ], [ -6221081.774142394773662, -3180109.266743411310017 ], [ -6221099.196163147687912, -3180114.623344387393445 ], [ -6221116.464631579816341, -3180120.967087211553007 ], [ -6221133.733116395771503, -3180127.310811754316092 ], [ -6221144.445900705642998, -3180130.72021603025496 ], [ -6221155.158690522424877, -3180134.129612964577973 ], [ -6221234.128028605133295, -3180148.388785941060632 ], [ -6221279.888381471857429, -3180153.976516462862492 ], [ -6221301.426495759747922, -3180156.648577911779284 ] ] ] ] } },
{ "type": "Feature", "properties": { "Layer": "limite seccion", "Text": "010", "UT": "UTS" }, "geometry": { "type": "MultiPolygon", "coordinates": [ [ [ [ -6223107.20547729358077, -3174316.941189453471452 ], [ -6222899.338898819871247, -3175314.177742935717106 ], [ -6222773.631477531976998, -3175882.961244593374431 ], [ -6222735.536979090422392, -3176055.320367876905948 ], [ -6222689.205064178444445, -3176244.063381268642843 ], [ -6222560.103492537513375, -3176484.830102432519197 ], [ -6222470.094327955506742, -3176613.71528940089047 ], [ -6222249.590734208002687, -3176825.991396745666862 ], [ -6222321.583105221390724, -3176850.868947653099895 ], [ -6222555.520030602812767, -3176920.133621666580439 ], [ -6222755.469085934571922, -3176981.381532181985676 ], [ -6222948.021137176081538, -3177041.074350428767502 ], [ -6223014.753258505836129, -3177063.164409221615642 ], [ -6223030.95964839309454, -3177071.713983117137104 ], [ -6223042.195702165365219, -3177077.258721684571356 ], [ -6223042.195702165365219, -3177077.258721684571356 ], [ -6223058.278488427400589, -3177084.842170907650143 ], [ -6223074.662942632101476, -3177091.652116080746055 ], [ -6223094.744894348084927, -3177097.322388557251543 ], [ -6223118.335492205806077, -3177106.533137685619295 ], [ -6223130.275671727024019, -3177117.874033837579191 ], [ -6223138.233059470541775, -3177126.01063700998202 ], [ -6223143.98829669971019, -3177132.655656310264021 ], [ -6223149.31881795451045, -3177135.675408069975674 ], [ -6223152.113304713740945, -3177144.188186054583639 ], [ -6223153.917221616022289, -3177153.22725228453055 ], [ -6223156.371342658065259, -3177170.712920359801501 ], [ -6223152.771869340911508, -3177200.977541736327112 ], [ -6223148.80733818653971, -3177223.939844061620533 ], [ -6223144.929291662760079, -3177257.309821940027177 ], [ -6223137.80746463406831, -3177287.650139139033854 ], [ -6223135.045619806274772, -3177312.508373667951673 ], [ -6223127.271776371635497, -3177327.941255821380764 ], [ -6223118.009334326721728, -3177330.699659306555986 ], [ -6223101.103348303586245, -3177329.076054211240262 ], [ -6223087.071839556097984, -3177326.503269483335316 ], [ -6223070.865721345879138, -3177323.535774478688836 ], [ -6223057.340041778981686, -3177319.680972418282181 ], [ -6223031.170908115804195, -3177321.160680753178895 ], [ -6222991.011265996843576, -3177320.812979385722429 ], [ -6222966.697867339476943, -3177337.002097968012094 ], [ -6222961.852033874951303, -3177365.151409186422825 ], [ -6222961.320633784867823, -3177409.352831665892154 ], [ -6222968.525441221892834, -3177458.046075724530965 ], [ -6222969.646569516509771, -3177472.682714404072613 ], [ -6222969.278851939365268, -3177502.242413643747568 ], [ -6222969.029537256807089, -3177522.283933586906642 ], [ -6222960.326032619923353, -3177544.543123784009367 ], [ -6222923.355568275786936, -3177551.831247394438833 ], [ -6222876.776278069242835, -3177556.770089396741241 ], [ -6222842.578437317162752, -3177542.291327719110996 ], [ -6222814.608767101541162, -3177535.090969663579017 ], [ -6222796.327361377887428, -3177537.725025066640228 ], [ -6222754.999779097735882, -3177563.197491518687457 ], [ -6222742.0713862311095, -3177617.414363441988826 ], [ -6222741.242657322436571, -3177628.657360803801566 ], [ -6222750.078763518482447, -3177677.103459294885397 ], [ -6222751.692989849485457, -3177699.548810641281307 ], [ -6222789.462779878638685, -3177759.544815958011895 ], [ -6222806.964523809030652, -3177780.926924933679402 ], [ -6222828.321585836820304, -3177789.190680867992342 ], [ -6222836.238653038628399, -3177792.978926776908338 ], [ -6222844.710839482024312, -3177823.862837855238467 ], [ -6222851.257251221686602, -3177834.161472702398896 ], [ -6222863.377945356070995, -3177857.504035527352244 ], [ -6222875.360646137967706, -3177874.58552105538547 ], [ -6222891.409029446542263, -3177890.617716825567186 ], [ -6222907.164520811289549, -3177912.928112358320504 ], [ -6222918.268569, -3177926.509977718349546 ], [ -6222924.335214913822711, -3177934.064860156737268 ], [ -6222930.878571136854589, -3177948.053254786878824 ], [ -6222938.224152908660471, -3177961.780907286331058 ], [ -6222949.267325889319181, -3177979.559794983360916 ], [ -6222966.356675303541124, -3178012.010483750607818 ], [ -6222971.65074504353106, -3178043.676571225747466 ], [ -6223019.773648606613278, -3178082.751700079999864 ], [ -6223043.163417411968112, -3178100.759039647877216 ], [ -6223055.487977948971093, -3178113.859056523535401 ], [ -6223088.62387496419251, -3178141.267947683110833 ], [ -6223105.527275742031634, -3178176.734973058104515 ], [ -6223105.527275742031634, -3178176.734973058104515 ], [ -6223105.527275742031634, -3178176.734973058104515 ], [ -6223105.527275742031634, -3178176.734973058104515 ], [ -6224452.720211330801249, -3178030.952637211419642 ], [ -6224441.325159195810556, -3177934.318174708168954 ], [ -6224360.380047134123743, -3177254.969215826597065 ], [ -6224335.946650271303952, -3177037.498944567982107 ], [ -6224335.946650269441307, -3177037.498944556340575 ], [ -6224341.371458736248314, -3176997.105969316326082 ], [ -6224307.490245970897377, -3176709.693887084722519 ], [ -6224288.996498767286539, -3176551.547986117657274 ], [ -6224250.010940143838525, -3176238.228891532402486 ], [ -6224250.010940143838525, -3176238.228891532402486 ], [ -6224250.010940143838525, -3176238.228891532402486 ], [ -6224253.080722851678729, -3176220.207755357027054 ], [ -6224253.080722851678729, -3176220.207755357027054 ], [ -6224253.080722863785923, -3176220.207755481824279 ], [ -6224253.080722863785923, -3176220.207755481824279 ], [ -6224246.942693898454309, -3176177.302978908643126 ], [ -6224153.736847338266671, -3175454.237957870587707 ], [ -6224154.639841550029814, -3175424.473229406867176 ], [ -6224141.711710111238062, -3175301.761763375252485 ], [ -6224127.961214392445982, -3175188.199732270091772 ], [ -6224115.946758035570383, -3175072.92205593874678 ], [ -6224103.110796900466084, -3174961.926909652072936 ], [ -6224084.499065674841404, -3174778.158375850412995 ], [ -6224072.657184503041208, -3174691.635854275431484 ], [ -6224060.215395643375814, -3174589.546383739449084 ], [ -6224043.113399346359074, -3174417.651815743651241 ], [ -6224033.652433583512902, -3174340.265920148231089 ], [ -6224029.472627479583025, -3174309.166420312598348 ], [ -6224005.034885226748884, -3174094.153167007490993 ], [ -6223990.499917219392955, -3173977.634321154560894 ], [ -6223483.587170848622918, -3174040.525468521751463 ], [ -6223483.587170848622918, -3174040.525468521751463 ], [ -6223082.441834474913776, -3174088.226266053039581 ], [ -6223107.20547729358077, -3174316.941189453471452 ] ] ] ] } },
{ "type": "Feature", "properties": { "Layer": "limite seccion", "Text": "012", "UT": "UTS" }, "geometry": { "type": "MultiPolygon", "coordinates": [ [ [ [ -6224115.946758035570383, -3175072.92205593874678 ], [ -6224127.961214392445982, -3175188.199732270091772 ], [ -6224141.711710111238062, -3175301.761763375252485 ], [ -6224154.639841550029814, -3175424.473229406867176 ], [ -6224153.736847338266671, -3175454.237957870587707 ], [ -6224230.173978083766997, -3176060.089243922382593 ], [ -6224253.080722398124635, -3176220.207751356065273 ], [ -6224250.010940143838525, -3176238.228891532402486 ], [ -6224250.010940143838525, -3176238.228891532402486 ], [ -6224250.010940143838525, -3176238.228891532402486 ], [ -6224266.098117779009044, -3176368.184211883693933 ], [ -6224266.098117779009044, -3176368.184211883693933 ], [ -6224266.098117779009044, -3176368.184211883693933 ], [ -6224288.996498767286539, -3176551.547986117657274 ], [ -6224307.490245970897377, -3176709.693887084722519 ], [ -6224341.371458736248314, -3176997.105969316326082 ], [ -6224335.946650269441307, -3177037.498944556340575 ], [ -6224335.946650269441307, -3177037.498944556340575 ], [ -6224360.380047151818871, -3177254.969215956982225 ], [ -6224441.325159195810556, -3177934.318174708168954 ], [ -6224452.720211330801249, -3178030.952637211419642 ], [ -6227372.483266650699079, -3177662.937623 ], [ -6227394.236042014323175, -3177660.394603040535003 ], [ -6226848.519856431521475, -3177063.009140255395323 ], [ -6226591.70298998337239, -3176758.786552564240992 ], [ -6226521.71805133484304, -3176621.806474396027625 ], [ -6226192.205788664519787, -3175927.555998921394348 ], [ -6226116.716092164628208, -3175766.913869589567184 ], [ -6225900.379959224723279, -3175375.027004465926439 ], [ -6225614.903768313117325, -3174772.306150376796722 ], [ -6225351.317033936269581, -3174256.053218900226057 ], [ -6225151.58839800581336, -3173825.957275654189289 ], [ -6225114.221137035638094, -3173830.696208867244422 ], [ -6223990.499917220324278, -3173977.634321154560894 ], [ -6224005.034885212779045, -3174094.1531668943353 ], [ -6224029.472627479583025, -3174309.166420312598348 ], [ -6224033.652433583512902, -3174340.265920148231089 ], [ -6224043.113399346359074, -3174417.651815743651241 ], [ -6224060.215395643375814, -3174589.546383739449084 ], [ -6224072.657184503041208, -3174691.635854275431484 ], [ -6224084.499065674841404, -3174778.158375850412995 ], [ -6224103.110796900466084, -3174961.926909652072936 ], [ -6224115.946758035570383, -3175072.92205593874678 ] ] ] ] } },
{ "type": "Feature", "properties": { "Layer": "limite seccion", "Text": "005", "UT": "UTE" }, "geometry": { "type": "MultiPolygon", "coordinates": [ [ [ [ -6220233.969524686224759, -3175934.881099273450673 ], [ -6220551.990689914673567, -3176209.252718174830079 ], [ -6221716.686743039637804, -3177223.547181725502014 ], [ -6221829.590088232420385, -3177134.567709789145738 ], [ -6221947.884808832779527, -3177044.977904920931906 ], [ -6222069.102273605763912, -3176957.364405930507928 ], [ -6222249.590734208002687, -3176825.991396745666862 ], [ -6222470.094327955506742, -3176613.71528940089047 ], [ -6222544.364660295657814, -3176509.818786460906267 ], [ -6222560.103492537513375, -3176484.830102432519197 ], [ -6222606.041707882657647, -3176399.158733110874891 ], [ -6222689.205064178444445, -3176244.06338127143681 ], [ -6222721.124721966683865, -3176114.032127638813108 ], [ -6222735.536979087628424, -3176055.320367881562561 ], [ -6222899.338898787274957, -3175314.177743101026863 ], [ -6223010.646761666052043, -3174780.190894170664251 ], [ -6223107.20547729358077, -3174316.941189453471452 ], [ -6223082.441834474913776, -3174088.226266053039581 ], [ -6221846.89189890678972, -3174239.595921681728214 ], [ -6221832.979039332829416, -3174208.968286242336035 ], [ -6221759.506414283998311, -3174156.884247244335711 ], [ -6221756.982439140789211, -3174166.6570810158737 ], [ -6221756.982439140789211, -3174166.6570810158737 ], [ -6221694.45544537063688, -3174299.94985835859552 ], [ -6221612.191597130149603, -3174431.02536101359874 ], [ -6221561.338778777979314, -3174506.192853447981179 ], [ -6221299.557545755058527, -3174787.093528541736305 ], [ -6220900.933598703704774, -3175217.625445530749857 ], [ -6220514.169989484362304, -3175633.866987625602633 ], [ -6220233.969524686224759, -3175934.881099273450673 ] ] ] ] } },
{ "type": "Feature", "properties": { "Layer": "limite seccion", "Text": "017", "UT": "UTS" }, "geometry": { "type": "MultiPolygon", "coordinates": [ [ [ [ -6225151.58839800581336, -3173825.957275654189289 ], [ -6225351.317033936269581, -3174256.053218900226057 ], [ -6225614.903768313117325, -3174772.306150376796722 ], [ -6225900.379959224723279, -3175375.027004465926439 ], [ -6226116.716092164628208, -3175766.913869589567184 ], [ -6226192.205788664519787, -3175927.555998921394348 ], [ -6226521.718051335774362, -3176621.806474396027625 ], [ -6226591.70298998337239, -3176758.786552564240992 ], [ -6226848.519856431521475, -3177063.009140253998339 ], [ -6227394.236041709780693, -3177660.394602699205279 ], [ -6227453.123210123740137, -3177729.170299091376364 ], [ -6227493.624448517337441, -3177772.82114147907123 ], [ -6228246.005832494236529, -3177088.040393936447799 ], [ -6228481.541911805048585, -3177018.629601578228176 ], [ -6227556.723883544094861, -3173529.211792159825563 ], [ -6227233.961801806464791, -3173574.023457377683371 ], [ -6225941.978962409310043, -3173727.397710439749062 ], [ -6225151.58839800581336, -3173825.957275654189289 ] ] ] ] } },
{ "type": "Feature", "properties": { "Layer": "limite seccion", "Text": "021", "UT": "UTS" }, "geometry": { "type": "MultiPolygon", "coordinates": [ [ [ [ -6227556.723883544094861, -3173529.211792159825563 ], [ -6228481.541911805048585, -3177018.629601580556482 ], [ -6229928.070466175675392, -3176600.173011964187026 ], [ -6229898.909160977229476, -3176572.13425226835534 ], [ -6229806.996000898070633, -3176501.009624776896089 ], [ -6229876.966660906560719, -3176407.242746169213206 ], [ -6229870.071691211313009, -3176279.254684433806688 ], [ -6229893.967611697502434, -3176173.201241955161095 ], [ -6229866.780117134563625, -3176086.695845898706466 ], [ -6229897.865445638075471, -3175981.144598295912147 ], [ -6229946.757976654917002, -3175901.389027889352292 ], [ -6229900.962899749167264, -3175816.248941155616194 ], [ -6229752.980160654522479, -3175732.856282679829746 ], [ -6229751.39155902992934, -3175693.426479284185916 ], [ -6229803.534779245965183, -3175623.086516634561121 ], [ -6229723.339676597155631, -3175558.335410289932042 ], [ -6229667.763043256476521, -3175547.141533012967557 ], [ -6229690.241304269060493, -3175421.839689725078642 ], [ -6229620.915643413551152, -3175278.823963959235698 ], [ -6229587.047755781561136, -3175119.495092217344791 ], [ -6229591.565538262948394, -3175063.915505473036319 ], [ -6229612.141338570974767, -3174986.318409083876759 ], [ -6229609.434592242352664, -3174937.615828005596995 ], [ -6229597.648477788083255, -3174902.96249037515372 ], [ -6229573.569787464104593, -3174894.671212368644774 ], [ -6229480.629488625563681, -3174809.51324827875942 ], [ -6229480.260819333605468, -3174795.87408166192472 ], [ -6229468.350312096066773, -3174766.689916576724499 ], [ -6229465.125905863940716, -3174739.630987606476992 ], [ -6229458.536074080504477, -3174723.942954576574266 ], [ -6229454.872838672250509, -3174681.460636550094932 ], [ -6229440.417069889605045, -3174651.143486486747861 ], [ -6229430.578276995569468, -3174632.33418902149424 ], [ -6229422.200432085432112, -3174606.839607351459563 ], [ -6229420.066460074856877, -3174591.998189787380397 ], [ -6229412.413877736777067, -3174576.243533916771412 ], [ -6229408.079361454583704, -3174564.519436445087194 ], [ -6229402.685101293958724, -3174546.556736574042588 ], [ -6229399.361295698210597, -3174538.184325364418328 ], [ -6229392.952033598907292, -3174505.083307372406125 ], [ -6229389.758441823534667, -3174492.584837691858411 ], [ -6229385.432274944148958, -3174478.598935606889427 ], [ -6229384.000643530860543, -3174464.745558640453964 ], [ -6229376.129209794104099, -3174445.865645148791373 ], [ -6229366.781032431870699, -3174430.249795861076564 ], [ -6229365.276496468111873, -3174412.55483270296827 ], [ -6229363.472376732155681, -3174390.609389246907085 ], [ -6229352.398341758176684, -3174352.332044986542314 ], [ -6229352.811516138724983, -3174339.908439103979617 ], [ -6229353.403615432791412, -3174308.923942429944873 ], [ -6229355.056595659814775, -3174276.528713929466903 ], [ -6229345.918470455333591, -3174257.218829647172242 ], [ -6229330.832768872380257, -3174228.82418358605355 ], [ -6229320.64172849804163, -3174216.903596416115761 ], [ -6229304.471885537728667, -3174172.245882635004818 ], [ -6229298.589824727736413, -3174161.387965899892151 ], [ -6229289.810672147199512, -3174148.397141055203974 ], [ -6229285.539410599507391, -3174124.466375934891403 ], [ -6229286.093732031993568, -3174116.157214843202382 ], [ -6229289.889835276640952, -3174097.034843457397074 ], [ -6229288.507884786464274, -3174069.338234414812177 ], [ -6229283.329225490801036, -3174051.728182092774659 ], [ -6229274.961804931052029, -3174033.690505038946867 ], [ -6229268.237429346889257, -3174027.027771203778684 ], [ -6229258.675081585533917, -3174003.024696813430637 ], [ -6229250.371826320886612, -3173982.156920499633998 ], [ -6229248.374993994832039, -3173968.236582832410932 ], [ -6229250.821345527656376, -3173945.786073951981962 ], [ -6229259.896115380339324, -3173917.291599879972637 ], [ -6229277.755773204378784, -3173897.730222744401544 ], [ -6229285.644162724725902, -3173878.398107029963285 ], [ -6229287.81797035690397, -3173872.212302494328469 ], [ -6229297.123277277685702, -3173855.719725954346359 ], [ -6229302.194621676579118, -3173843.494920070748776 ], [ -6229314.866275792941451, -3173807.892318029422313 ], [ -6229310.678795259445906, -3173787.439889362547547 ], [ -6229307.957942018285394, -3173764.644228291232139 ], [ -6229294.850236480124295, -3173735.463691299781203 ], [ -6229288.745852094143629, -3173718.775906233116984 ], [ -6229282.306355949491262, -3173705.145902506541461 ], [ -6229277.031341250985861, -3173674.397948927246034 ], [ -6229270.287525024265051, -3173652.880764351692051 ], [ -6229261.655030504800379, -3173639.401492410339415 ], [ -6229249.120757522061467, -3173616.255451327189803 ], [ -6229223.504871379584074, -3173592.069869740866125 ], [ -6229215.517611840739846, -3173587.750279211439192 ], [ -6229204.210691033862531, -3173586.54921691538766 ], [ -6229200.635657270438969, -3173589.739298384636641 ], [ -6229200.321660688146949, -3173586.554385975934565 ], [ -6229199.180771543644369, -3173578.679684548638761 ], [ -6229196.490847202017903, -3173570.647931275423616 ], [ -6229193.8656549686566, -3173553.5471052066423 ], [ -6229179.356265093199909, -3173550.177273741457611 ], [ -6229167.36525665782392, -3173546.178202971350402 ], [ -6229148.374743696302176, -3173535.487619940191507 ], [ -6229150.358858827501535, -3173528.622628987301141 ], [ -6229146.143220704980195, -3173519.312309325672686 ], [ -6229139.19500118214637, -3173514.725040673743933 ], [ -6229140.086023283191025, -3173508.044592354912311 ], [ -6229135.768756481818855, -3173500.446906482800841 ], [ -6229126.468095179647207, -3173485.632095803041011 ], [ -6229118.154012048617005, -3173476.281845676712692 ], [ -6229111.278685413300991, -3173472.35017342492938 ], [ -6229103.226301771588624, -3173470.019571170210838 ], [ -6229099.269423966296017, -3173459.812093603424728 ], [ -6229099.029773675836623, -3173450.988255529664457 ], [ -6229092.701619355008006, -3173442.321217061486095 ], [ -6229083.531775739043951, -3173434.813215285073966 ], [ -6229071.468420083634555, -3173426.524558094330132 ], [ -6229064.785147920250893, -3173415.517018970102072 ], [ -6229058.931554059498012, -3173404.605529270600528 ], [ -6229045.555636367760599, -3173393.586131676565856 ], [ -6229040.195386904291809, -3173382.578977872151881 ], [ -6229041.249668659642339, -3173375.871096269693226 ], [ -6229039.573174246586859, -3173371.394556178711355 ], [ -6229038.591445935890079, -3173355.151847175322473 ], [ -6229038.591445935890079, -3173355.151847175322473 ], [ -6229011.054629277437925, -3173357.755113894119859 ], [ -6227556.723883544094861, -3173529.211792159825563 ] ] ] ] } },
{ "type": "Feature", "properties": { "Layer": "limite seccion", "Text": "016", "UT": "UTO" }, "geometry": { "type": "MultiPolygon", "coordinates": [ [ [ [ -6224866.576021219603717, -3171725.54202950373292 ], [ -6225128.074148882180452, -3173828.98005682323128 ], [ -6225128.074148882180452, -3173828.98005682323128 ], [ -6225918.465008642524481, -3173730.421829973813146 ], [ -6227210.448318370617926, -3173577.049765609204769 ], [ -6227159.269529048353434, -3173129.965575065463781 ], [ -6227159.269529048353434, -3173129.965575065463781 ], [ -6226968.525507818907499, -3171471.364981408696622 ], [ -6226962.617341457866132, -3171472.116582680027932 ], [ -6226962.703464166261256, -3171472.809621423948556 ], [ -6224883.55360022559762, -3171722.183445604518056 ], [ -6224866.441098411567509, -3171724.361451193224639 ], [ -6224866.576021219603717, -3171725.54202950373292 ] ] ] ] } },
{ "type": "Feature", "properties": { "Layer": "limite seccion", "Text": "009", "UT": "UTE" }, "geometry": { "type": "MultiPolygon", "coordinates": [ [ [ [ -6223209.853284535929561, -3171938.105723071843386 ], [ -6223460.072288478724658, -3174043.545425842050463 ], [ -6223966.985223205760121, -3173980.655137085355818 ], [ -6225127.537581402808428, -3173828.901412943843752 ], [ -6224866.430288584902883, -3171724.362827012315392 ], [ -6223209.853284535929561, -3171938.105723071843386 ] ] ] ] } },
{ "type": "Feature", "properties": { "Layer": "limite seccion", "Text": "008", "UT": "UTE" }, "geometry": { "type": "MultiPolygon", "coordinates": [ [ [ [ -6223007.160916173830628, -3170263.55274206167087 ], [ -6223209.853284535929561, -3171938.105723071843386 ], [ -6224866.441098410636187, -3171724.361451193224639 ], [ -6224676.295074505731463, -3170060.983655381482095 ], [ -6223007.160916173830628, -3170263.55274206167087 ] ] ] ] } },
{ "type": "Feature", "properties": { "Layer": "limite seccion", "Text": "015", "UT": "UTO" }, "geometry": { "type": "MultiPolygon", "coordinates": [ [ [ [ -6224676.295074505731463, -3170060.983655381482095 ], [ -6224866.441098410636187, -3171724.361451193224639 ], [ -6224883.553600083105266, -3171722.183445622213185 ], [ -6226962.703464166261256, -3171472.809621423948556 ], [ -6226912.66133095882833, -3171070.110713918227702 ], [ -6226901.082029325887561, -3170970.963751221541315 ], [ -6226868.192117327824235, -3170703.097726286854595 ], [ -6226851.582486304454505, -3170567.822055215016007 ], [ -6226812.228335348889232, -3170232.589324730448425 ], [ -6226802.627003007568419, -3170169.102625934407115 ], [ -6226757.247159502469003, -3169799.497337291017175 ], [ -6224676.295074505731463, -3170060.983655381482095 ] ] ] ] } },
{ "type": "Feature", "properties": { "Layer": "limite seccion", "Text": "020", "UT": "UTO" }, "geometry": { "type": "MultiPolygon", "coordinates": [ [ [ [ -6227210.448318387381732, -3173577.049765607807785 ], [ -6227576.313026847317815, -3173527.028221093118191 ], [ -6228987.54180340282619, -3173360.784431163221598 ], [ -6228996.657954235561192, -3173210.140161824878305 ], [ -6228968.38862207531929, -3173070.399453908205032 ], [ -6228939.484906772151589, -3173006.746010366361588 ], [ -6228859.807988153770566, -3172980.710016701370478 ], [ -6228885.988741502165794, -3172866.794406715780497 ], [ -6228806.913011505268514, -3172768.900333318859339 ], [ -6228788.077649148181081, -3172631.029363040812314 ], [ -6228770.597623384557664, -3172501.754677848424762 ], [ -6228710.626491639763117, -3172345.275306514464319 ], [ -6228702.937244400382042, -3172274.727862827014178 ], [ -6228730.676164598204195, -3172120.682132853660733 ], [ -6228731.814114864915609, -3172027.051899768412113 ], [ -6228732.952030155807734, -3171933.422288522589952 ], [ -6228744.708229070529342, -3171910.273203697986901 ], [ -6228768.220507061108947, -3171863.97511441167444 ], [ -6228782.98313460778445, -3171740.713259327225387 ], [ -6228810.967132632620633, -3171507.054550395812839 ], [ -6228817.973279648460448, -3171415.410330971237272 ], [ -6228823.038886941969395, -3171349.148892134893686 ], [ -6228825.903347954154015, -3171273.446145393420011 ], [ -6228831.838322031311691, -3171234.045487249735743 ], [ -6226968.525470242835581, -3171471.36467798659578 ], [ -6227210.448318387381732, -3173577.049765607807785 ] ] ] ] } },
{ "type": "Feature", "properties": { "Layer": "limite seccion", "Text": "019", "UT": "UTO" }, "geometry": { "type": "MultiPolygon", "coordinates": [ [ [ [ -6226962.617341457866132, -3171472.116582680027932 ], [ -6226968.525470239110291, -3171471.364677965641022 ], [ -6228831.838322031311691, -3171234.045487249735743 ], [ -6228832.528039189986885, -3171205.662470179144293 ], [ -6228833.179784054867923, -3171178.841954533476382 ], [ -6228835.390943013131618, -3171087.847759190946817 ], [ -6228880.722460604272783, -3170952.151429910212755 ], [ -6228865.261442994698882, -3170818.720722399652004 ], [ -6228824.964282530359924, -3170682.304705602582544 ], [ -6228826.355056603439152, -3170515.694446431472898 ], [ -6228846.686547150835395, -3170396.454730173572898 ], [ -6228889.403972700238228, -3170242.692657944280654 ], [ -6228911.231927854940295, -3170164.121784065384418 ], [ -6228932.120407124049962, -3170088.932101440150291 ], [ -6228978.770001051947474, -3170035.58719477802515 ], [ -6228990.188003912568092, -3169966.070239018648863 ], [ -6228935.515892447903752, -3169907.615282831247896 ], [ -6229012.256787130609155, -3169886.451619812753052 ], [ -6229103.035189665853977, -3169861.416083910036832 ], [ -6229148.489475701004267, -3169848.880122831556946 ], [ -6229219.147335750050843, -3169863.178652343340218 ], [ -6229258.351853798143566, -3169871.112030871678144 ], [ -6229349.464572195895016, -3169889.549044482409954 ], [ -6229305.654738819226623, -3169754.629629739094526 ], [ -6229289.046794459223747, -3169673.277374751400203 ], [ -6229314.441164174117148, -3169578.503947001881897 ], [ -6229339.835170083679259, -3169483.731098925694823 ], [ -6229341.362086234614253, -3169481.815786515362561 ], [ -6228050.167916730046272, -3169640.610741769429296 ], [ -6226757.247159502469003, -3169799.497337291017175 ], [ -6226962.617341457866132, -3171472.116582680027932 ] ] ] ] } },
{ "type": "Feature", "properties": { "Layer": "limite seccion", "Text": "003", "UT": "UTE" }, "geometry": { "type": "MultiPolygon", "coordinates": [ [ [ [ -6220851.989293386228383, -3173282.428086519241333 ], [ -6220863.186112144030631, -3173291.029197046067566 ], [ -6220882.812180439010262, -3173302.5397013197653 ], [ -6220917.818192749284208, -3173327.647406888660043 ], [ -6220928.945587124675512, -3173344.03966453904286 ], [ -6220923.881077877245843, -3173358.869263161439449 ], [ -6220943.437798554077744, -3173378.170930434484035 ], [ -6220976.437837735749781, -3173391.218628782778978 ], [ -6221007.355866633355618, -3173400.705760028213263 ], [ -6221031.989816553890705, -3173403.761084974743426 ], [ -6221049.559351738542318, -3173408.877785220276564 ], [ -6221049.785847426392138, -3173407.790057428181171 ], [ -6221057.976070086471736, -3173413.203686041291803 ], [ -6221077.671897817403078, -3173416.922805487178266 ], [ -6221097.323567854240537, -3173425.599948086775839 ], [ -6221114.163369948975742, -3173433.543404982890934 ], [ -6221140.174969944171607, -3173440.152699262369424 ], [ -6221146.497005024924874, -3173442.334651217795908 ], [ -6221159.153697364963591, -3173445.281959067098796 ], [ -6221178.881131291389465, -3173445.459475091192871 ], [ -6221209.969647911377251, -3173435.822257199790329 ], [ -6221214.209560611285269, -3173434.443696404341608 ], [ -6221264.8868098994717, -3173440.56625554850325 ], [ -6221284.51973682641983, -3173451.36803405219689 ], [ -6221292.936558168381453, -3173455.693806631490588 ], [ -6221301.359683957882226, -3173459.311280838679522 ], [ -6221313.991231868043542, -3173465.091632597148418 ], [ -6221392.61784974206239, -3173497.673979393672198 ], [ -6221437.344346471130848, -3173539.160231004469097 ], [ -6221460.777052422985435, -3173598.164273445960134 ], [ -6221470.200487424619496, -3173647.834073625970632 ], [ -6221492.696153513155878, -3173653.702892365399748 ], [ -6221503.270880510099232, -3173653.089439866133034 ], [ -6221513.782714605331421, -3173659.559032145421952 ], [ -6221519.155076386407018, -3173689.358476042747498 ], [ -6221539.436529326252639, -3173706.541192305739969 ], [ -6221547.042130143381655, -3173722.90181822096929 ], [ -6221542.682686229236424, -3173737.738383083138615 ], [ -6221543.274069359526038, -3173750.494281028863043 ], [ -6221549.583738207817078, -3173754.092723104171455 ], [ -6221560.057946157641709, -3173764.812194052152336 ], [ -6221581.660690560005605, -3173791.923956876154989 ], [ -6221585.636670269072056, -3173820.294394247233868 ], [ -6221589.6755231609568, -3173841.581737982109189 ], [ -6221602.901283568702638, -3173870.841577459592372 ], [ -6221593.405671892687678, -3173892.773748332634568 ], [ -6221576.308391409926116, -3173900.258981226477772 ], [ -6221580.131269548088312, -3173965.654129392467439 ], [ -6221563.878800738602877, -3174006.650776555296034 ], [ -6221630.320103090256453, -3174074.0605932851322 ], [ -6221733.46706563886255, -3174169.67409947142005 ], [ -6221735.99105775821954, -3174159.901268487330526 ], [ -6221735.99105775821954, -3174159.901268487330526 ], [ -6221809.463606252335012, -3174211.985441620461643 ], [ -6221823.376416116952896, -3174242.61310573713854 ], [ -6223460.072288478724658, -3174043.545425842050463 ], [ -6223310.685519828461111, -3172790.665853863116354 ], [ -6223310.685519828461111, -3172790.665853863116354 ], [ -6223209.853284535929561, -3171938.105723071843386 ], [ -6220620.211699292995036, -3172264.068802007474005 ], [ -6220617.858409447595477, -3172280.879295300226659 ], [ -6220612.775000156834722, -3172297.832367268390954 ], [ -6220611.245703364722431, -3172311.276108413934708 ], [ -6220610.988698408938944, -3172340.020825970452279 ], [ -6220609.317460602149367, -3172369.338826321996748 ], [ -6220602.01918835286051, -3172397.60473696468398 ], [ -6220596.193214920349419, -3172418.801020804792643 ], [ -6220595.935298437252641, -3172447.643366650212556 ], [ -6220595.013715048320591, -3172471.912837773561478 ], [ -6220594.909616028890014, -3172483.553805171046406 ], [ -6220586.344353101216257, -3172495.916738202329725 ], [ -6220580.575318858027458, -3172510.738948519341648 ], [ -6220569.792393898591399, -3172534.723799586296082 ], [ -6220564.415903380140662, -3172555.117862634826452 ], [ -6220557.378677107393742, -3172583.484646967612207 ], [ -6220565.76940121781081, -3172590.643570716958493 ], [ -6220586.162091554142535, -3172595.077750544529408 ], [ -6220635.073814910836518, -3172591.676426408346742 ], [ -6220682.723869800567627, -3172590.992052333429456 ], [ -6220718.628418387845159, -3172594.149512170813978 ], [ -6220780.599764082580805, -3172597.542144697159529 ], [ -6220807.980715581215918, -3172608.413837803062052 ], [ -6220807.797350449487567, -3172628.953135319985449 ], [ -6220767.577080653980374, -3172635.673275019973516 ], [ -6220713.94578056409955, -3172645.105450386181474 ], [ -6220663.221081427298486, -3172644.647337404079735 ], [ -6220606.822316326200962, -3172648.387619237415493 ], [ -6220579.308430359698832, -3172652.388801120687276 ], [ -6220513.54817751608789, -3172678.710022227838635 ], [ -6220495.021704342216253, -3172701.916745180729777 ], [ -6220469.196420188061893, -3172753.390019573271275 ], [ -6220440.419688764959574, -3172819.711395578458905 ], [ -6220423.847885151393712, -3172860.6439357874915 ], [ -6220417.323248436674476, -3172881.126184836495668 ], [ -6220413.680115861818194, -3172894.551320976577699 ], [ -6220423.410216046497226, -3172909.514164598658681 ], [ -6220458.496834594756365, -3172925.414809324778616 ], [ -6220486.030308284796774, -3172919.289012346416712 ], [ -6220526.181792958639562, -3172920.360516864340752 ], [ -6220547.273134863935411, -3172925.509512851946056 ], [ -6220576.095250261947513, -3172932.85334102762863 ], [ -6220609.106541944667697, -3172944.484922521281987 ], [ -6220616.868980336934328, -3172943.138426456134766 ], [ -6220642.993381432257593, -3172936.999573612120003 ], [ -6220670.539470567367971, -3172929.45686764176935 ], [ -6220694.505948834121227, -3172928.256696230266243 ], [ -6220733.820096733048558, -3172944.19485144643113 ], [ -6220750.462979080155492, -3172974.094786926638335 ], [ -6220754.538304547779262, -3172991.131423652172089 ], [ -6220775.553943469189107, -3173004.779351353179663 ], [ -6220800.860039426013827, -3173011.382692673243582 ], [ -6220824.687550573609769, -3173025.764270838815719 ], [ -6220851.320587733760476, -3173041.58779071085155 ], [ -6220863.875709909014404, -3173055.867646822705865 ], [ -6220873.574808850884438, -3173074.371736461762339 ], [ -6220876.190681437961757, -3173097.061961253639311 ], [ -6220870.333188445307314, -3173121.800802774261683 ], [ -6220866.740986151620746, -3173129.560079886112362 ], [ -6220839.816933857277036, -3173146.317245922517031 ], [ -6220830.607391022145748, -3173151.900841351598501 ], [ -6220823.410275458358228, -3173168.835967296734452 ], [ -6220816.194169492460787, -3173187.895950802136213 ], [ -6220824.47021500300616, -3173204.040421 ], [ -6220818.620252936147153, -3173231.834824963938445 ], [ -6220826.821796763688326, -3173260.242438424378633 ], [ -6220851.989293386228383, -3173282.428086519241333 ] ] ] ] } },
{ "type": "Feature", "properties": { "Layer": "limite seccion", "Text": "002", "UT": "UTE" }, "geometry": { "type": "MultiPolygon", "coordinates": [ [ [ [ -6220529.82935550250113, -3170780.002576489932835 ], [ -6220541.430792845785618, -3170821.892227291595191 ], [ -6220547.624905381351709, -3170838.237228968180716 ], [ -6220559.568355077877641, -3170841.88625358697027 ], [ -6220580.783204022794962, -3170832.871097760275006 ], [ -6220597.117741680704057, -3170818.146085020154715 ], [ -6220610.628249840810895, -3170804.103776435833424 ], [ -6220626.810845959000289, -3170806.374588678590953 ], [ -6220635.232207428663969, -3170809.991729502100497 ], [ -6220642.879554210230708, -3170821.392273239791393 ], [ -6220658.897683231160045, -3170842.075251301750541 ], [ -6220683.482753675431013, -3170850.087624642066658 ], [ -6220701.143826053477824, -3170844.581291470676661 ], [ -6220709.622147507965565, -3170841.824938464444131 ], [ -6220717.942374112084508, -3170856.772640411742032 ], [ -6220700.325564902275801, -3170857.321859383955598 ], [ -6220669.293155752122402, -3170861.291039841715246 ], [ -6220643.18534077797085, -3170866.012843398377299 ], [ -6220621.304029881954193, -3170870.772772864904255 ], [ -6220605.064395740628242, -3170874.875412119086832 ], [ -6220588.862734518013895, -3170874.729050846304744 ], [ -6220573.378155648708344, -3170873.17270786780864 ], [ -6220553.622738240286708, -3170876.53529868228361 ], [ -6220546.432889917865396, -3170892.759408603422344 ], [ -6220546.280909939669073, -3170909.755362099502236 ], [ -6220549.562387173064053, -3170936.697494347114116 ], [ -6220548.64265922922641, -3170960.768809978850186 ], [ -6220547.132488073781133, -3170972.086765985935926 ], [ -6220549.7982078762725, -3170989.108280236367136 ], [ -6220553.898115661926568, -3171003.309866982512176 ], [ -6220563.595457169227302, -3171021.81141706276685 ], [ -6220567.720714557915926, -3171033.18034748127684 ], [ -6220567.60081749688834, -3171046.590202915947884 ], [ -6220574.568721185438335, -3171055.197331032250077 ], [ -6220575.597695166245103, -3171097.700477199163288 ], [ -6220576.873597634024918, -3171112.584882848430425 ], [ -6220579.590025654993951, -3171123.94115398498252 ], [ -6220583.721654813736677, -3171134.601987209171057 ], [ -6220584.343783360905945, -3171143.814650549553335 ], [ -6220589.89062085095793, -3171153.780048948246986 ], [ -6220597.487464357167482, -3171170.846326739061624 ], [ -6220604.519155187532306, -3171172.326323912944645 ], [ -6220610.154635227285326, -3171172.377233083359897 ], [ -6220608.859704072587192, -3171159.617299119476229 ], [ -6220606.15590662881732, -3171146.844649435486645 ], [ -6220606.269846598617733, -3171134.097465167287737 ], [ -6220608.452774462290108, -3171126.326615814119577 ], [ -6220609.271143996156752, -3171113.585813459474593 ], [ -6220610.800272019580007, -3171100.14321122970432 ], [ -6220615.115473949350417, -3171090.266945951618254 ], [ -6220616.731346340849996, -3171091.371129021979868 ], [ -6220622.248390566557646, -3171080.416137063875794 ], [ -6220629.292695423588157, -3171080.479762135073543 ], [ -6220640.538271971978247, -3171083.414250373374671 ], [ -6220653.218024739995599, -3171083.528756219893694 ], [ -6220653.14209474530071, -3171092.026849083136767 ], [ -6220658.594054034911096, -3171112.614813563879579 ], [ -6220659.870046218857169, -3171127.499230906367302 ], [ -6220663.284651102498174, -3171139.570038083009422 ], [ -6220656.799218399450183, -3171155.800868939608335 ], [ -6220646.036533243954182, -3171177.658975869417191 ], [ -6220633.18581959977746, -3171196.665300182532519 ], [ -6220621.74394516274333, -3171215.684363619890064 ], [ -6220615.22044678684324, -3171236.164348980877548 ], [ -6220616.553367325104773, -3171244.675259068142623 ], [ -6220625.257287692278624, -3171262.609281708486378 ], [ -6220623.369898186996579, -3171270.233471069484949 ], [ -6220629.589606177061796, -3171283.746229217853397 ], [ -6220630.214522904716432, -3171283.376922100316733 ], [ -6220637.577111434191465, -3171298.63724469486624 ], [ -6220645.46899919770658, -3171320.010001936461776 ], [ -6220646.040546294301748, -3171334.888278360944241 ], [ -6220631.152297876775265, -3171345.377472523599863 ], [ -6220619.881195076741278, -3171345.27566303499043 ], [ -6220612.157633, -3171342.37291513197124 ], [ -6220598.571538362652063, -3171349.049320803489536 ], [ -6220600.093459882773459, -3171352.179347240366042 ], [ -6220603.546044143848121, -3171360.001233621966094 ], [ -6220604.1048848554492, -3171376.295929426327348 ], [ -6220607.513163694180548, -3171389.075153124984354 ], [ -6220606.707429581321776, -3171400.399823931977153 ], [ -6220606.618801935575902, -3171410.314486408606172 ], [ -6220610.807502317242324, -3171414.601813888642937 ], [ -6220613.48602678347379, -3171430.207472980953753 ], [ -6220610.592269157059491, -3171438.680317371152341 ], [ -6220614.000567900948226, -3171451.459596785716712 ], [ -6220628.439545875415206, -3171491.252070620190352 ], [ -6220632.438394328579307, -3171516.785276795271784 ], [ -6220623.744425440207124, -3171543.620384358335286 ], [ -6220620.755695790052414, -3171562.716266034170985 ], [ -6220616.358045944012702, -3171581.799444608390331 ], [ -6220611.966712797991931, -3171600.174447453580797 ], [ -6220614.619944890961051, -3171618.613116703461856 ], [ -6220617.260522175580263, -3171638.468214202206582 ], [ -6220617.089290114119649, -3171657.624091700650752 ], [ -6220624.013919936493039, -3171671.109180690720677 ], [ -6220624.553794734179974, -3171689.528849966824055 ], [ -6220625.88042489439249, -3171698.748239444568753 ], [ -6220625.093670140020549, -3171707.948543361853808 ], [ -6220617.757837838493288, -3171740.462390241678804 ], [ -6220609.139661350287497, -3171758.799410601146519 ], [ -6220611.145426891744137, -3171770.858045079279691 ], [ -6220606.068547738716006, -3171787.10229754820466 ], [ -6220597.500980172306299, -3171799.773688518442214 ], [ -6220572.065795385278761, -3171836.806636974215508 ], [ -6220559.970892378129065, -3171859.104942330159247 ], [ -6220570.097911183722317, -3171870.352944061160088 ], [ -6220578.488225493580103, -3171877.511482708156109 ], [ -6220578.272902577184141, -3171901.590774887707084 ], [ -6220580.843805223703384, -3171929.236656747758389 ], [ -6220580.706070601940155, -3171944.639446370303631 ], [ -6220584.055861813947558, -3171963.971139391418546 ], [ -6220583.907283869571984, -3171980.586801313795149 ], [ -6220588.607225583866239, -3172006.50886280881241 ], [ -6220595.582341161556542, -3172014.362951491493732 ], [ -6220599.790210025385022, -3172016.525809572078288 ], [ -6220606.898307018913329, -3172009.50725930230692 ], [ -6220616.849629450589418, -3171999.681286864914 ], [ -6220625.391985412687063, -3171989.842585849575698 ], [ -6220637.342764249071479, -3171992.783656546380371 ], [ -6220640.744875588454306, -3172006.271657685283571 ], [ -6220630.679612821899354, -3172028.845633869990706 ], [ -6220620.671296890825033, -3172045.045635572634637 ], [ -6220614.211435387842357, -3172052.697766 ], [ -6220606.239786015823483, -3172083.162390308920294 ], [ -6220608.213926539756358, -3172098.762429058086127 ], [ -6220611.559046003967524, -3172118.624572364613414 ], [ -6220611.470400135032833, -3172128.539740412030369 ], [ -6220609.890469773672521, -3172147.649139536544681 ], [ -6220605.479929255321622, -3172168.149557466153055 ], [ -6220611.039829318411648, -3172176.699228900484741 ], [ -6220617.101606701500714, -3172207.918627533130348 ], [ -6220616.883484612219036, -3172232.316335604060441 ], [ -6220621.621467852964997, -3172253.998247326351702 ], [ -6220620.211699292995036, -3172264.068802007474005 ], [ -6223209.853284535929561, -3171938.105723074637353 ], [ -6223209.569195012561977, -3171935.138352304697037 ], [ -6223007.161422606557608, -3170263.5526776118204 ], [ -6221447.573536527343094, -3170461.937916876282543 ], [ -6221421.997258466668427, -3170464.892060825135559 ], [ -6220507.087717635557055, -3170565.917462157085538 ], [ -6220515.845969340763986, -3170610.613619164098054 ], [ -6220522.700041643343866, -3170631.921806854195893 ], [ -6220520.232154031284153, -3170671.559225986711681 ], [ -6220522.733129816129804, -3170706.992394552566111 ], [ -6220525.322780655696988, -3170732.511463242582977 ], [ -6220528.336996799334884, -3170758.909611870534718 ], [ -6220529.82935550250113, -3170780.002576489932835 ] ] ] ] } },
{ "type": "Feature", "properties": { "Layer": "limite seccion", "Text": "001", "UT": "UTE" }, "geometry": { "type": "MultiPolygon", "coordinates": [ [ [ [ -6221217.27012849599123, -3168621.260348148178309 ], [ -6221215.671136463060975, -3168646.255039226729423 ], [ -6221217.007714753039181, -3168657.04380261618644 ], [ -6221182.252001739107072, -3168652.271385087165982 ], [ -6221164.871015356853604, -3168643.545578760560602 ], [ -6221154.295504086650908, -3168638.553061700891703 ], [ -6221105.689474086277187, -3168648.918422976508737 ], [ -6221099.182284596376121, -3168631.938921599648893 ], [ -6221052.067839887924492, -3168647.221179388463497 ], [ -6221049.913725340738893, -3168657.530760697089136 ], [ -6221058.073667220771313, -3168659.768122723326087 ], [ -6221061.830368924885988, -3168668.820571163669229 ], [ -6220973.176034614443779, -3168699.147825959138572 ], [ -6220971.379996216855943, -3168708.967413082718849 ], [ -6220972.966587094590068, -3168720.958322247490287 ], [ -6220973.69006794411689, -3168734.223956375382841 ], [ -6220964.722534950822592, -3168736.136193651240319 ], [ -6220964.058707320131361, -3168732.989950110670179 ], [ -6220959.956128251738846, -3168731.952169076539576 ], [ -6220955.543939275667071, -3168733.620131625328213 ], [ -6220956.818596005439758, -3168749.404729696456343 ], [ -6220967.314023582264781, -3168748.418659411836416 ], [ -6220968.040135170333087, -3168742.072987645864487 ], [ -6220978.284692070446908, -3168738.945073663257062 ], [ -6220986.486985665746033, -3168745.468286480754614 ], [ -6220995.296307091601193, -3168743.700417003594339 ], [ -6221006.513494824059308, -3168739.595315216109157 ], [ -6221012.917681906372309, -3168739.879556726198643 ], [ -6221011.852557465434074, -3168747.425214582588524 ], [ -6221012.63766036555171, -3168754.275999547913671 ], [ -6221020.470292122103274, -3168765.614713541697711 ], [ -6221037.165637941099703, -3168769.625969153828919 ], [ -6221049.18983154091984, -3168772.73649977799505 ], [ -6221057.291536452248693, -3168770.819157449528575 ], [ -6221064.09515885822475, -3168771.170279090292752 ], [ -6221070.03567539062351, -3168772.796122543513775 ], [ -6221072.684716869145632, -3168777.526500016916543 ], [ -6221073.550093092024326, -3168790.793560342863202 ], [ -6221074.474049826152623, -3168795.682678735814989 ], [ -6221068.112470847554505, -3168795.873215075116605 ], [ -6221061.308835122734308, -3168795.52209381852299 ], [ -6221053.222166335210204, -3168795.871356247458607 ], [ -6221043.431166992522776, -3168796.489214244298637 ], [ -6221042.653757259249687, -3168803.609996843151748 ], [ -6221045.891885096207261, -3168806.065039107576013 ], [ -6221056.420164030976593, -3168807.812162470072508 ], [ -6221058.885450449772179, -3168811.608605324290693 ], [ -6221053.732780901715159, -3168816.548458291217685 ], [ -6221046.458586670458317, -3168820.897464532870799 ], [ -6221041.641504010185599, -3168820.423035692889243 ], [ -6221034.143912326544523, -3168818.496935720555484 ], [ -6221031.261394424363971, -3168823.316238363739103 ], [ -6221026.411469439044595, -3168826.263087 ], [ -6221021.384161333553493, -3168832.914950742386281 ], [ -6221017.218595631420612, -3168838.434640987310559 ], [ -6221012.0997025789693, -3168842.217168314848095 ], [ -6221016.691923627629876, -3168848.979482611175627 ], [ -6221026.680347611196339, -3168857.34527964098379 ], [ -6221029.359276765026152, -3168858.452814704738557 ], [ -6221025.345303896814585, -3168863.462711166590452 ], [ -6221023.749922264367342, -3168867.153978227637708 ], [ -6221018.481422468088567, -3168869.383936390280724 ], [ -6221013.819809298031032, -3168867.485333114862442 ], [ -6221007.875155178830028, -3168866.287115145009011 ], [ -6220997.660073951818049, -3168866.758259779307991 ], [ -6220987.592268049716949, -3168866.660558331757784 ], [ -6220979.553469811566174, -3168862.020394033752382 ], [ -6220969.39452238380909, -3168856.646813865751028 ], [ -6220960.611139360815287, -3168855.706157010048628 ], [ -6220955.098740989342332, -3168853.799277964048088 ], [ -6220950.430296633392572, -3168852.613424204289913 ], [ -6220942.192208530381322, -3168853.959121684543788 ], [ -6220939.620638620108366, -3168855.930094170384109 ], [ -6220933.675996830686927, -3168854.73184616304934 ], [ -6220927.041528113186359, -3168851.53095881966874 ], [ -6220924.636407118290663, -3168850.937339008785784 ], [ -6220919.198708415031433, -3168856.016954112332314 ], [ -6220914.176817541010678, -3168862.098575037904084 ], [ -6220910.027636692859232, -3168865.90759724797681 ], [ -6220912.462250041775405, -3168878.192014636937529 ], [ -6220912.314329478889704, -3168893.587848471943289 ], [ -6220912.679467312060297, -3168899.864360630977899 ], [ -6220916.186127563007176, -3168903.890299576800317 ], [ -6220915.15517520904541, -3168907.872179675847292 ], [ -6220911.067615872249007, -3168905.266272992826998 ], [ -6220906.33680156711489, -3168895.81088236765936 ], [ -6220906.423092485405505, -3168886.829976100474596 ], [ -6220905.907939628697932, -3168881.407416003290564 ], [ -6220901.688177848234773, -3168877.802257373463362 ], [ -6220898.054794463329017, -3168872.206852935720235 ], [ -6220891.844356577843428, -3168869.152629710733891 ], [ -6220891.230581879615784, -3168873.993952628690749 ], [ -6220882.72942521981895, -3168873.198553890921175 ], [ -6220879.893423672765493, -3168873.171009018551558 ], [ -6220872.199227028526366, -3168876.94559103064239 ], [ -6220868.426109218038619, -3168885.890678960829973 ], [ -6220867.101953915320337, -3168890.86767320567742 ], [ -6220864.896852949634194, -3168898.972595221363008 ], [ -6220864.821495670825243, -3168906.813074310310185 ], [ -6220865.603792263194919, -3168913.949050687719136 ], [ -6220867.273886039853096, -3168917.244328084867448 ], [ -6220872.633536040782928, -3168920.290308442432433 ], [ -6220875.187316487543285, -3168920.172546472866088 ], [ -6220868.060295334085822, -3168923.95264636259526 ], [ -6220865.053709178231657, -3168926.917363203596324 ], [ -6220860.926418866962194, -3168928.445516 ], [ -6220854.64882374368608, -3168932.376430872362107 ], [ -6220852.907478120177984, -3168936.493980325292796 ], [ -6220855.059819540940225, -3168948.633158556185663 ], [ -6220855.874998128041625, -3168952.3478446546942 ], [ -6220850.78082387149334, -3168955.693498210515827 ], [ -6220835.854725451208651, -3168959.397821898572147 ], [ -6220827.587783401831985, -3168963.737107839901 ], [ -6220823.274819060228765, -3168969.825629233848304 ], [ -6220821.390287457965314, -3168974.084361801855266 ], [ -6220821.48822932690382, -3168978.647496053017676 ], [ -6220828.999760247766972, -3168987.264124123845249 ], [ -6220829.286558888852596, -3168993.550374850165099 ], [ -6220829.845540644600987, -3168994.411216689273715 ], [ -6220823.110349126160145, -3168986.932218229398131 ], [ -6220813.761062801815569, -3168985.8433899963275 ], [ -6220805.235170448198915, -3168987.613924609031528 ], [ -6220795.097368689253926, -3168994.786385354120284 ], [ -6220787.990299355238676, -3169001.794405674096197 ], [ -6220780.430139281786978, -3169001.059405512642115 ], [ -6220775.017009052447975, -3169003.573020333889872 ], [ -6220767.168571122922003, -3169008.629193280823529 ], [ -6220758.455606762319803, -3169015.102645160630345 ], [ -6220750.707818202674389, -3169024.436850314959884 ], [ -6220748.475198713131249, -3169035.392936435062438 ], [ -6220749.415698678232729, -3169040.819695338141173 ], [ -6220744.480065954849124, -3169037.920331485103816 ], [ -6220731.902764810249209, -3169048.062998023815453 ], [ -6220723.696614596992731, -3169060.814408484380692 ], [ -6220714.812988757155836, -3169070.280146570876241 ], [ -6220711.079496685415506, -3169075.091189549770206 ], [ -6220707.902234702371061, -3169081.048196504823864 ], [ -6220706.612297190353274, -3169082.461343445349485 ], [ -6220689.171604856848717, -3169111.661005777772516 ], [ -6220680.969970121979713, -3169138.669465136248618 ], [ -6220692.087407239712775, -3169191.81367924483493 ], [ -6220700.389811576344073, -3169213.280003263615072 ], [ -6220714.012191186659038, -3169241.926637659780681 ], [ -6220737.133065302856266, -3169241.438624889589846 ], [ -6220745.748808452859521, -3169245.08667231304571 ], [ -6220765.719835303723812, -3169247.704544665757567 ], [ -6220782.832854869775474, -3169252.575744403526187 ], [ -6220807.143618368543684, -3169261.081156551837921 ], [ -6220822.665299572981894, -3169269.21598272677511 ], [ -6220830.180174285545945, -3169284.116416701115668 ], [ -6220837.632353078573942, -3169289.248160687740892 ], [ -6220848.507831513881683, -3169295.415064935572445 ], [ -6220870.798524405807257, -3169292.780191415920854 ], [ -6220876.204902218654752, -3169290.979280444327742 ], [ -6220888.628858024254441, -3169289.540445139165968 ], [ -6220889.347494752146304, -3169295.811796497087926 ], [ -6220886.140112559311092, -3169304.905218898784369 ], [ -6220867.511655640788376, -3169310.141985378228128 ], [ -6220847.762452682480216, -3169313.9421222708188 ], [ -6220842.624595728702843, -3169317.31392210861668 ], [ -6220847.538979783654213, -3169366.691552184056491 ], [ -6220849.7139424206689, -3169391.23511799937114 ], [ -6220854.364666716195643, -3169423.786851454991847 ], [ -6220858.325565812177956, -3169454.335933722089976 ], [ -6220862.532280838117003, -3169484.575834431685507 ], [ -6220868.709974722936749, -3169516.70039325999096 ], [ -6220869.873967982828617, -3169525.570375809445977 ], [ -6220877.22200184315443, -3169528.938108611386269 ], [ -6220870.565592172555625, -3169541.629380178172141 ], [ -6220868.313640736043453, -3169557.188484654761851 ], [ -6220871.042673150077462, -3169567.127246866002679 ], [ -6220877.922084898687899, -3169585.601282896008343 ], [ -6220877.821079016663134, -3169596.930877474602312 ], [ -6220872.83376801200211, -3169603.25935208844021 ], [ -6220853.16230209171772, -3169597.416829808149487 ], [ -6220840.547040425240993, -3169590.221568403299898 ], [ -6220830.768158577382565, -3169580.927398105151951 ], [ -6220827.284274563193321, -3169576.647060660645366 ], [ -6220812.537033464759588, -3169571.557033469900489 ], [ -6220804.763865676708519, -3169574.319578765425831 ], [ -6220796.204218797385693, -3169586.281056325417012 ], [ -6220810.038674934767187, -3169614.732058843132108 ], [ -6220822.552889655344188, -3169633.256982157938182 ], [ -6220824.596490622498095, -3169641.065150081645697 ], [ -6220829.148986626416445, -3169646.892364258412272 ], [ -6220806.779087482020259, -3169664.273792739026248 ], [ -6220799.659689554944634, -3169672.707528722472489 ], [ -6220816.36220704484731, -3169695.519265624694526 ], [ -6220841.555014302022755, -3169714.158571674954146 ], [ -6220858.308163328096271, -3169731.305475724861026 ], [ -6220872.262838263995945, -3169746.302670456469059 ], [ -6220888.93399814888835, -3169772.654989402741194 ], [ -6220908.454243979416788, -3169795.492170474957675 ], [ -6220934.955123852007091, -3169825.473919130396098 ], [ -6220957.217282691039145, -3169856.833853227552027 ], [ -6220969.027533266693354, -3169875.352632856927812 ], [ -6220989.151497920043766, -3169909.526067410130054 ], [ -6220991.779753053560853, -3169930.794925171416253 ], [ -6220987.427353157661855, -3169944.919221515767276 ], [ -6220981.603110136464238, -3169966.112032525707036 ], [ -6220981.426474017091095, -3169985.93937049433589 ], [ -6220979.80323033221066, -3170010.002776482608169 ], [ -6220974.06727023422718, -3170021.281976201105863 ], [ -6220971.827956473454833, -3170035.425385138019919 ], [ -6220969.538164081983268, -3170055.233790809288621 ], [ -6220972.254736757837236, -3170066.589136829134077 ], [ -6220972.130459527485073, -3170080.537795329466462 ], [ -6220964.945937933400273, -3170096.266934820450842 ], [ -6220956.310369699262083, -3170116.726461339276284 ], [ -6220949.121405579149723, -3170132.949934816453606 ], [ -6220939.18430682271719, -3170141.358642504084855 ], [ -6220929.957893115468323, -3170149.065564553719014 ], [ -6220924.012340910732746, -3170151.931900857947767 ], [ -6220917.913931234739721, -3170156.747102198656648 ], [ -6220908.140923778526485, -3170146.744470566976815 ], [ -6220899.789323683828115, -3170135.338277908042073 ], [ -6220881.525867469608784, -3170129.508242582902312 ], [ -6220863.300315747968853, -3170119.429428965318948 ], [ -6220840.823235746473074, -3170112.145006138365716 ], [ -6220828.22015640232712, -3170103.533204467967153 ], [ -6220821.188974441960454, -3170102.053452163934708 ], [ -6220811.277094802819192, -3170107.629545306786895 ], [ -6220793.30644940212369, -3170110.04528930131346 ], [ -6220792.303015378303826, -3170102.501179712358862 ], [ -6220791.680771960876882, -3170093.28920408943668 ], [ -6220787.580856750719249, -3170079.088605524040759 ], [ -6220774.990479918196797, -3170069.06053115753457 ], [ -6220758.060085953213274, -3170071.740549764130265 ], [ -6220732.664485192857683, -3170075.760539831593633 ], [ -6220719.281265415251255, -3170075.639790640212595 ], [ -6220700.967387543991208, -3170075.474533323664218 ], [ -6220691.861035577021539, -3170069.726908933836967 ], [ -6220686.339823606424034, -3170056.92983955424279 ], [ -6220685.044890799559653, -3170044.170922890305519 ], [ -6220679.523695637471974, -3170031.373874555807561 ], [ -6220675.436558870598674, -3170015.757068928796798 ], [ -6220669.965976344421506, -3169997.295085247606039 ], [ -6220668.645766044966877, -3169987.368699003010988 ], [ -6220665.954753733240068, -3169973.180892660282552 ], [ -6220654.817584434524179, -3169958.208681738935411 ], [ -6220642.9444376276806, -3169946.770704263355583 ], [ -6220632.574946541339159, -3169924.723704082891345 ], [ -6220627.840455724857748, -3169902.727611145935953 ], [ -6220613.854265918955207, -3169891.270576355047524 ], [ -6220604.805016360245645, -3169879.149951416999102 ], [ -6220593.762903599068522, -3169853.556109372060746 ], [ -6220594.587500636465847, -3169840.108345373999327 ], [ -6220590.570116744376719, -3169816.702515846583992 ], [ -6220586.527432673610747, -3169796.129161451477557 ], [ -6220577.566865735687315, -3169774.095085152890533 ], [ -6220576.297364564612508, -3169758.503989836201072 ], [ -6220569.519540609791875, -3169728.699889109935611 ], [ -6220561.879153801128268, -3169716.592104932293296 ], [ -6220559.911642663180828, -3169700.286606083158404 ], [ -6220560.038227188400924, -3169686.124524292070419 ], [ -6220555.900678574107587, -3169676.172898478806019 ], [ -6220553.203501673415303, -3169662.693491597194225 ], [ -6220553.354473152197897, -3169645.803765133023262 ], [ -6220552.060625241138041, -3169632.940491109155118 ], [ -6220543.715946679003537, -3169620.826418862678111 ], [ -6220544.546900421380997, -3169606.670781656168401 ], [ -6220545.352532984688878, -3169595.347554276231676 ], [ -6220541.297309469431639, -3169576.190710479859263 ], [ -6220534.494315648451447, -3169549.219369438942522 ], [ -6220531.797179461456835, -3169535.740081327036023 ], [ -6220530.641689462587237, -3169507.403538293205202 ], [ -6220530.831598069518805, -3169486.160714056808501 ], [ -6220533.876880295574665, -3169460.694822734687477 ], [ -6220535.437495730817318, -3169443.713344826363027 ], [ -6220535.558569185435772, -3169430.169556960929185 ], [ -6220545.557868, -3169414.770709376782179 ], [ -6220547.232389425858855, -3169385.043684002012014 ], [ -6220546.616653650067747, -3169375.124084465671331 ], [ -6220546.03256462700665, -3169361.664055284112692 ], [ -6220553.989193792454898, -3169338.367179682012647 ], [ -6220561.895168677903712, -3169320.735019052401185 ], [ -6220570.499136058613658, -3169303.817320461850613 ], [ -6220573.367120432667434, -3169298.178090765140951 ], [ -6220573.430397283285856, -3169291.097250326070935 ], [ -6220559.406880469992757, -3169283.889180415309966 ], [ -6220548.797484284266829, -3169288.7503313254565 ], [ -6220540.294771593995392, -3169294.338648395612836 ], [ -6220535.332742824219167, -3169297.834526617545635 ], [ -6220499.221446143463254, -3169318.752491092309356 ], [ -6220481.479934701696038, -3169333.463145662564784 ], [ -6220466.549423071555793, -3169348.907345626037568 ], [ -6220450.19118910189718, -3169366.463072245009243 ], [ -6220440.203687348403037, -3169380.535674288403243 ], [ -6220431.656530031003058, -3169391.080577875487506 ], [ -6220424.442025060765445, -3169410.135293217841536 ], [ -6220422.893950096331537, -3169425.700533433351666 ], [ -6220428.351333129219711, -3169445.57803028030321 ], [ -6220428.256302309222519, -3169456.199404472485185 ], [ -6220419.759774154983461, -3169461.079617246985435 ], [ -6220405.672809651121497, -3169460.952219654805958 ], [ -6220393.038901593536139, -3169455.880905733909458 ], [ -6220378.894901731982827, -3169462.126308156643063 ], [ -6220376.712138812988997, -3169469.896207948680967 ], [ -6220375.132311614230275, -3169489.001973202452064 ], [ -6220367.95570666436106, -3169503.808222018647939 ], [ -6220350.220159340649843, -3169517.810793136712164 ], [ -6220338.081349327228963, -3169536.112919683102518 ], [ -6220337.992587017826736, -3169546.026262614410371 ], [ -6220332.871907341293991, -3169567.224546027369797 ], [ -6220327.065878175199032, -3169586.292189300060272 ], [ -6220318.423386956565082, -3169607.458653555251658 ], [ -6220314.108473279513419, -3169617.333795196842402 ], [ -6220306.963442525826395, -3169628.599641013424844 ], [ -6220306.798551674932241, -3169647.010260073002428 ], [ -6220298.105250734835863, -3169673.841619735583663 ], [ -6220296.506255265325308, -3169695.071958974003792 ], [ -6220289.964042344130576, -3169717.673902672715485 ], [ -6220275.020212303847075, -3169734.534505710471421 ], [ -6220252.981960954144597, -3169756.99617914063856 ], [ -6220254.917393571697176, -3169776.842314004898071 ], [ -6220252.451392809860408, -3169786.732840325217694 ], [ -6220254.657250781543553, -3169805.874755667056888 ], [ -6220251.013361864723265, -3169822.632717492990196 ], [ -6220251.490805343724787, -3169844.795292682480067 ], [ -6220245.779721323400736, -3169853.241594204679132 ], [ -6220238.507591802626848, -3169878.669833094347268 ], [ -6220245.23399945627898, -3169914.139307514298707 ], [ -6220248.521068286150694, -3169940.37146447552368 ], [ -6220238.456783882342279, -3169962.941873998381197 ], [ -6220236.197699854150414, -3169979.209432803560048 ], [ -6220241.70577216334641, -3169993.422833024989814 ], [ -6220253.508816534653306, -3170012.650496158748865 ], [ -6220269.550842533819377, -3170030.5002062888816 ], [ -6220292.516158697195351, -3170061.868008166085929 ], [ -6220316.154243908822536, -3170096.782840316183865 ], [ -6220334.823723223991692, -3170135.901850613765419 ], [ -6220348.029437566176057, -3170155.850512375123799 ], [ -6220350.764539396390319, -3170165.081662932876498 ], [ -6220344.253873649984598, -3170184.143740714062005 ], [ -6220344.089000823907554, -3170202.55508746765554 ], [ -6220361.210512838326395, -3170218.678300080355257 ], [ -6220372.074227950535715, -3170224.053952091839164 ], [ -6220384.677117464132607, -3170232.666237178258598 ], [ -6220401.417610722593963, -3170251.230591991916299 ], [ -6220407.002010487951338, -3170256.946623648051172 ], [ -6220416.749369576573372, -3170269.782209672033787 ], [ -6220433.413905312307179, -3170296.844184495974332 ], [ -6220441.682832464575768, -3170317.456534244585782 ], [ -6220455.485547922551632, -3170349.450052583124489 ], [ -6220461.647688677534461, -3170369.335222747642547 ], [ -6220470.589416238479316, -3170393.494728083256632 ], [ -6220477.417982511222363, -3170417.635164868552238 ], [ -6220491.30322016403079, -3170440.423038579057902 ], [ -6220501.565164321102202, -3170474.509386435616761 ], [ -6220499.9600117104128, -3170496.449107549153268 ], [ -6220499.002247525379062, -3170524.768539544194937 ], [ -6220500.957103615626693, -3170542.491296416614205 ], [ -6220507.087717635557055, -3170565.917462157085538 ], [ -6220507.087717635557055, -3170565.917462157085538 ], [ -6220507.087717635557055, -3170565.917462157085538 ], [ -6221421.997258466668427, -3170464.892060825135559 ], [ -6221447.573536528274417, -3170461.937916873954237 ], [ -6223007.160916173830628, -3170263.55274206167087 ], [ -6222655.580718861892819, -3167355.155979671515524 ], [ -6222649.556270421482623, -3167356.66962949745357 ], [ -6222511.969052769243717, -3167404.929868389852345 ], [ -6222339.747473595663905, -3167449.209408337250352 ], [ -6222198.521942335180938, -3167500.582285038661212 ], [ -6222084.891533875837922, -3167560.437899327371269 ], [ -6222008.00951720494777, -3167615.802225094754249 ], [ -6221959.456044947728515, -3167671.653347016312182 ], [ -6221922.62313068471849, -3167707.73665332980454 ], [ -6221913.813568981364369, -3167740.98695921478793 ], [ -6221903.191318490542471, -3167790.579369267448783 ], [ -6221878.84740848839283, -3167859.901571587193757 ], [ -6221854.910004787147045, -3167904.289455914869905 ], [ -6221825.364354887977242, -3167943.186491336673498 ], [ -6221806.594389221630991, -3167956.297948359046131 ], [ -6221783.766554163768888, -3167980.258814915083349 ], [ -6221774.113722624257207, -3168009.847417023498565 ], [ -6221762.072585765272379, -3168028.167505856137723 ], [ -6221754.738331004045904, -3168040.629484680015594 ], [ -6221726.366496045142412, -3168077.774413730017841 ], [ -6221713.068906356580555, -3168105.111161960288882 ], [ -6221705.22831526119262, -3168117.512327713426203 ], [ -6221704.958460540510714, -3168136.953123668208718 ], [ -6221703.010967792011797, -3168163.720333409495652 ], [ -6221677.800853428430855, -3168188.52789606526494 ], [ -6221669.117451108060777, -3168197.266814213246107 ], [ -6221683.763863380998373, -3168219.538196006324142 ], [ -6221679.093788330443203, -3168248.117398518603295 ], [ -6221668.312664338387549, -3168264.887393048033118 ], [ -6221638.758393250405788, -3168289.979141846764833 ], [ -6221622.371425393968821, -3168305.766016805544496 ], [ -6221617.449074262753129, -3168307.182727112900466 ], [ -6221620.00781418941915, -3168340.98633165191859 ], [ -6221598.869505682960153, -3168381.851815077010542 ], [ -6221560.77433755621314, -3168421.317601275630295 ], [ -6221529.39781831856817, -3168446.410341067705303 ], [ -6221495.773942923173308, -3168461.642798634711653 ], [ -6221461.586844923906028, -3168471.803886582143605 ], [ -6221418.157018359750509, -3168493.803431431297213 ], [ -6221382.297123206779361, -3168521.434084466192871 ], [ -6221363.238302172161639, -3168520.035134651232511 ], [ -6221287.444063302129507, -3168555.293529800139368 ], [ -6221260.965357293374836, -3168568.267816156148911 ], [ -6221231.26648775767535, -3168587.16059341467917 ], [ -6221222.028918324038386, -3168609.705869772937149 ], [ -6221217.27012849599123, -3168621.260348148178309 ] ] ] ] } },
{ "type": "Feature", "properties": { "Layer": "limite seccion", "Text": "007", "UT": "UTE" }, "geometry": { "type": "MultiPolygon", "coordinates": [ [ [ [ -6222655.580718863755465, -3167355.155979671515524 ], [ -6223007.160916173830628, -3170263.55274206167087 ], [ -6224676.295074505731463, -3170060.983655381482095 ], [ -6224359.445846765302122, -3167500.493171703070402 ], [ -6224141.145955312997103, -3167427.737548835575581 ], [ -6224111.386853310279548, -3167437.780589555390179 ], [ -6224130.431729403324425, -3167462.477567648515105 ], [ -6224124.278341017663479, -3167475.42935930704698 ], [ -6224103.874060939066112, -3167453.118005785159767 ], [ -6224090.445778043009341, -3167440.38465305743739 ], [ -6224043.420104693621397, -3167402.476023897062987 ], [ -6223926.068349512293935, -3167358.787096182815731 ], [ -6223880.425265495665371, -3167341.320429349318147 ], [ -6223806.869086667895317, -3167316.777463068254292 ], [ -6223703.47018482349813, -3167285.118116156198084 ], [ -6223620.978561609052122, -3167268.135281469207257 ], [ -6223555.507109514437616, -3167247.90384457539767 ], [ -6223497.645679924637079, -3167225.646393197122961 ], [ -6223394.041678805835545, -3167197.040990686044097 ], [ -6223343.420584106817842, -3167190.277376695070416 ], [ -6223284.32477817311883, -3167205.047167459502816 ], [ -6223217.471054551191628, -3167222.239626639988273 ], [ -6223174.831492903642356, -3167237.547236511483788 ], [ -6223115.688178876414895, -3167250.903345614206046 ], [ -6223078.469523519277573, -3167255.952250913716853 ], [ -6223005.218720356933773, -3167259.595559453591704 ], [ -6222986.681181474588811, -3167268.820163305383176 ], [ -6222968.535687847994268, -3167278.132680842187256 ], [ -6222946.320296691730618, -3167281.110725973732769 ], [ -6222908.58052134513855, -3167287.167190768290311 ], [ -6222858.231314830482006, -3167301.126547828316689 ], [ -6222824.102237042970955, -3167301.482561517041177 ], [ -6222794.970985878258944, -3167301.14399358863011 ], [ -6222766.268984623253345, -3167311.720224359072745 ], [ -6222730.998581133782864, -3167326.815249817445874 ], [ -6222703.291781641542912, -3167343.388183193746954 ], [ -6222685.202606378123164, -3167347.713404248468578 ], [ -6222655.580718863755465, -3167355.155979671515524 ] ] ] ] } },
{ "type": "Feature", "properties": { "Layer": "limite seccion", "Text": "014", "UT": "UTO" }, "geometry": { "type": "MultiPolygon", "coordinates": [ [ [ [ -6224359.445846765302122, -3167500.493171703070402 ], [ -6224412.423804528079927, -3167518.149247489403933 ], [ -6224536.515731522813439, -3167565.567806495819241 ], [ -6224637.66453707870096, -3167615.83886153018102 ], [ -6224767.041377911344171, -3167640.477205913048238 ], [ -6224932.660458225756884, -3167711.294983613770455 ], [ -6225042.108619690872729, -3167734.646504822187126 ], [ -6225331.196436235681176, -3167720.914613197557628 ], [ -6225464.059487610124052, -3167714.219916617963463 ], [ -6225522.04470222722739, -3167678.814866477623582 ], [ -6225599.645977597683668, -3167658.212573966477066 ], [ -6225695.839386661536992, -3167661.710995340254158 ], [ -6225804.369293122552335, -3167674.675780410412699 ], [ -6225912.589131064713001, -3167701.479032089468092 ], [ -6226021.020634369924664, -3167719.032782763242722 ], [ -6226134.812504739500582, -3167705.674037490040064 ], [ -6226196.230908894911408, -3167677.199172670952976 ], [ -6226279.71491314843297, -3167635.411348638124764 ], [ -6226323.36560566816479, -3167631.852305844891816 ], [ -6226410.457947444170713, -3167631.674420985393226 ], [ -6226497.618640497326851, -3167613.690646796952933 ], [ -6226653.439946321770549, -3168954.112511638086289 ], [ -6226666.364841042086482, -3169065.292039931751788 ], [ -6226701.893678535707295, -3169370.906551028601825 ], [ -6226706.336577922105789, -3169409.123447813093662 ], [ -6226757.072995624504983, -3169799.51974309142679 ], [ -6224676.295074505731463, -3170060.983655381482095 ], [ -6224677.00887671019882, -3170066.751559515018016 ], [ -6224675.136889602057636, -3170050.370177399832755 ], [ -6224674.984005788341165, -3170050.389513167086989 ], [ -6224359.445846765302122, -3167500.493171703070402 ] ] ] ] } },
{ "type": "Feature", "properties": { "Layer": "limite seccion", "Text": "018", "UT": "UTO" }, "geometry": { "type": "MultiPolygon", "coordinates": [ [ [ [ -6226497.618640498258173, -3167613.690646796952933 ], [ -6226653.439946321770549, -3168954.112511638086289 ], [ -6226666.364841042086482, -3169065.292039931751788 ], [ -6226701.893678535707295, -3169370.906551028601825 ], [ -6226706.336577925831079, -3169409.123447836376727 ], [ -6226757.072522790171206, -3169799.516104864422232 ], [ -6228050.167916730046272, -3169640.610741769429296 ], [ -6229341.173770965076983, -3169481.838955073151737 ], [ -6229572.525861917063594, -3169137.827655310742557 ], [ -6229637.485355575568974, -3169035.387228125706315 ], [ -6229661.425050256773829, -3168997.634303521830589 ], [ -6229600.840832600370049, -3168999.702623148914427 ], [ -6229655.886273859068751, -3168905.69116369029507 ], [ -6229653.417452735826373, -3168812.573163269087672 ], [ -6229690.518948765471578, -3168701.582841741386801 ], [ -6229697.85155790951103, -3168690.37335296580568 ], [ -6229628.370315732434392, -3168662.216877323109657 ], [ -6229864.622531909495592, -3168615.87516751838848 ], [ -6229987.750937319360673, -3168600.624688484240323 ], [ -6230160.875171392224729, -3168666.466411440633237 ], [ -6230403.31821715272963, -3168686.629096654709429 ], [ -6230721.677533918060362, -3168752.966374528594315 ], [ -6230969.544881386682391, -3168753.225700110662729 ], [ -6231262.666364762932062, -3168746.279200952965766 ], [ -6231417.884690881706774, -3168714.644758413545787 ], [ -6231610.051972791552544, -3168674.095382820349187 ], [ -6231682.251421917229891, -3168611.617678697686642 ], [ -6231684.386087604798377, -3168582.045859363861382 ], [ -6231568.726322588510811, -3168611.018665473908186 ], [ -6231302.73721384909004, -3168642.662990065291524 ], [ -6231052.108877850696445, -3168682.763405957724899 ], [ -6230776.313640699721873, -3168659.462380059994757 ], [ -6230372.790549746714532, -3168587.13760901754722 ], [ -6230015.238156827166677, -3168493.431839717086405 ], [ -6229740.235555813647807, -3168412.069786329288036 ], [ -6229350.099826174788177, -3168300.542824066709727 ], [ -6229108.79388734139502, -3168208.307880153413862 ], [ -6228894.142268482595682, -3168165.134506951086223 ], [ -6228697.45696257147938, -3168120.903512894641608 ], [ -6228365.774738193489611, -3167965.932983777020127 ], [ -6228114.012276396155357, -3167812.543044551741332 ], [ -6228022.714655267074704, -3167758.682971371803433 ], [ -6227925.814955974929035, -3167769.33795374026522 ], [ -6227843.19036597199738, -3167787.457928554154932 ], [ -6227760.108496032655239, -3167733.943654109723866 ], [ -6227688.802471591159701, -3167716.803363319952041 ], [ -6227612.572503621689975, -3167672.533090570010245 ], [ -6227543.289413196034729, -3167632.821551515255123 ], [ -6227467.701564727351069, -3167637.634982003830373 ], [ -6227358.678472078405321, -3167636.94557222397998 ], [ -6227284.434744569472969, -3167669.945686624851078 ], [ -6227202.352225852198899, -3167673.717952142469585 ], [ -6227091.70672054681927, -3167653.775528894737363 ], [ -6226980.994093606248498, -3167633.830206926912069 ], [ -6226744.058415224775672, -3167575.141913355793804 ], [ -6226582.838158708997071, -3167580.247009214945138 ], [ -6226525.580166903324425, -3167607.921252082102001 ], [ -6226497.618640498258173, -3167613.690646796952933 ] ] ] ] } },
{ "type": "Feature", "properties": { "Layer": "limite seccion", "Text": "004", "UT": null }, "geometry": { "type": "MultiPolygon", "coordinates": [ [ [ [ -6220012.053215925581753, -3173697.909680546727031 ], [ -6219999.522315471433103, -3173727.440351774916053 ], [ -6219989.013544746674597, -3173749.821634571067989 ], [ -6219983.099079441279173, -3173762.567702568601817 ], [ -6219978.247352853417397, -3173773.023486130405217 ], [ -6219969.667238331399858, -3173801.616703634615988 ], [ -6219959.054322080686688, -3173826.051343987695873 ], [ -6219951.151852975599468, -3173839.507759284228086 ], [ -6219944.220640597864985, -3173864.96289922343567 ], [ -6219938.952709125354886, -3173866.212994338013232 ], [ -6219928.891590522602201, -3173882.578020969871432 ], [ -6219922.086162001825869, -3173900.965978184714913 ], [ -6219919.71366296056658, -3173911.068545124959201 ], [ -6219914.438458323478699, -3173933.531370676588267 ], [ -6219903.992879943922162, -3173954.180939376354218 ], [ -6219903.763934403657913, -3173959.127418785355985 ], [ -6219903.964539665728807, -3173968.864121466409415 ], [ -6219904.942323550581932, -3173981.910806049127132 ], [ -6219900.312908791005611, -3174009.566826213616878 ], [ -6219892.501246879808605, -3174029.591448997147381 ], [ -6219885.147471210919321, -3174039.723075586836785 ], [ -6219884.616042724810541, -3174055.22460708534345 ], [ -6219879.667296256870031, -3174069.677721773274243 ], [ -6219874.718539058230817, -3174084.130849137436599 ], [ -6219871.818806575611234, -3174092.506679235957563 ], [ -6219872.255566125735641, -3174092.686369594652206 ], [ -6219868.919070445001125, -3174100.882513549178839 ], [ -6219850.277098358608782, -3174145.841580140870064 ], [ -6219839.831256647594273, -3174166.491403009276837 ], [ -6219831.708545251749456, -3174185.192198284436017 ], [ -6219825.982524102553725, -3174196.335393442772329 ], [ -6219827.225995317101479, -3174201.631443119142205 ], [ -6219818.718829030171037, -3174224.616838383022696 ], [ -6219809.205479931086302, -3174249.238800750579685 ], [ -6219803.88047834392637, -3174279.855863073840737 ], [ -6219784.888370607979596, -3174301.846725885290653 ], [ -6219776.550401668064296, -3174311.501196670811623 ], [ -6219756.263376883231103, -3174331.690753494389355 ], [ -6219746.348853626288474, -3174336.838921662420034 ], [ -6219729.701988209970295, -3174354.766899783164263 ], [ -6219718.012360526248813, -3174370.120802393183112 ], [ -6219705.471958653070033, -3174387.773271584417671 ], [ -6219686.645168266259134, -3174411.883588366676122 ], [ -6219666.687866397202015, -3174434.572865140624344 ], [ -6219648.953856913372874, -3174454.99912992073223 ], [ -6219642.879907093010843, -3174467.622748281341046 ], [ -6219631.930408383719623, -3174489.091142045333982 ], [ -6219619.333928012289107, -3174512.323452407494187 ], [ -6219608.59564817044884, -3174528.874129760544747 ], [ -6219596.521240080706775, -3174548.512762915343046 ], [ -6219588.08711579721421, -3174565.88985118502751 ], [ -6219573.652551650069654, -3174590.281933544203639 ], [ -6219566.298239904455841, -3174600.413775582797825 ], [ -6219557.626856632530689, -3174610.85812218952924 ], [ -6219556.236133025959134, -3174616.779350783210248 ], [ -6219550.665131249465048, -3174628.58478911826387 ], [ -6219538.050609414465725, -3174651.846156357321888 ], [ -6219526.286839479580522, -3174672.808955919463187 ], [ -6219513.938179482705891, -3174688.319264997262508 ], [ -6219507.937683159485459, -3174695.334264025557786 ], [ -6219502.095356225967407, -3174714.324472461827099 ], [ -6219497.22494719363749, -3174723.735722975805402 ], [ -6219489.522815727628767, -3174735.347933805547655 ], [ -6219484.647092131897807, -3174744.192802891135216 ], [ -6219483.256322499364614, -3174750.114079834893346 ], [ -6219466.772058038040996, -3174780.583893519360572 ], [ -6219425.360811929218471, -3174847.021307498216629 ], [ -6219401.440023733302951, -3174881.352329453919083 ], [ -6219389.054167867638171, -3174899.667165153194219 ], [ -6219374.344929551705718, -3174919.931080311071128 ], [ -6219363.276099651120603, -3174937.933451119810343 ], [ -6219350.112790963612497, -3174968.154661826323718 ], [ -6219331.660491424612701, -3174995.75669172545895 ], [ -6219321.597812600433826, -3175012.122536139097065 ], [ -6219309.485682198777795, -3175034.566009856760502 ], [ -6219299.255204947665334, -3175055.007022821344435 ], [ -6219290.108243488706648, -3175085.292350696399808 ], [ -6219274.666317268274724, -3175111.321577078662813 ], [ -6219269.945736337453127, -3175120.828652280848473 ], [ -6219261.170946327038109, -3175151.566501259338111 ], [ -6219245.425877942703664, -3175188.151653769891709 ], [ -6219233.158048879355192, -3175209.933271665591747 ], [ -6219219.499244039878249, -3175237.636360995937139 ], [ -6219203.435353023000062, -3175261.017529691103846 ], [ -6219179.32095799967647, -3175297.491564984433353 ], [ -6219153.541551934555173, -3175335.758495470043272 ], [ -6219126.792609266936779, -3175372.857576845679432 ], [ -6219119.948413420468569, -3175394.051539102569222 ], [ -6219113.762770424596965, -3175415.089292768388987 ], [ -6219096.655232404358685, -3175442.911761549301445 ], [ -6219081.634157251566648, -3175461.851965418551117 ], [ -6219073.894321751780808, -3175476.269058777019382 ], [ -6219057.609730396419764, -3175492.542740558739752 ], [ -6219039.700537004508078, -3175505.349150344263762 ], [ -6219026.754244075156748, -3175519.562695740256459 ], [ -6219021.083222427405417, -3175535.626628369558603 ], [ -6219006.143449096009135, -3175560.838041421025991 ], [ -6218997.471034998074174, -3175571.282712345942855 ], [ -6218977.995010829530656, -3175591.978676076978445 ], [ -6218965.992678047157824, -3175606.009064929094166 ], [ -6218956.817026787437499, -3175617.272055039182305 ], [ -6218921.113105588592589, -3175648.807067670393735 ], [ -6218896.020378824323416, -3175672.233259110245854 ], [ -6218870.076597235165536, -3175697.958154833875597 ], [ -6218856.94926888961345, -3175710.158513815142214 ], [ -6218847.151853764429688, -3175718.77315861871466 ], [ -6218836.20777499396354, -3175733.382142288610339 ], [ -6218810.485465667210519, -3175761.020570898428559 ], [ -6218791.630495120771229, -3175784.364894923288375 ], [ -6218770.355708318762481, -3175804.633949312381446 ], [ -6218756.821158029139042, -3175822.676983878016472 ], [ -6218746.520402896218002, -3175832.109938556328416 ], [ -6218731.609453275799751, -3175842.636448261328042 ], [ -6218720.539035663940012, -3175860.639429550617933 ], [ -6218709.231823418289423, -3175871.70901587465778 ], [ -6218703.541195462457836, -3175880.048417072277516 ], [ -6218697.850560600869358, -3175888.38782062381506 ], [ -6218688.245335294865072, -3175894.859939894173294 ], [ -6218675.310077726840973, -3175904.9177699633874 ], [ -6218670.0412706900388, -3175906.167530777398497 ], [ -6218660.746808792464435, -3175913.963834947440773 ], [ -6218652.458753187209368, -3175920.123501010239124 ], [ -6218640.337442198768258, -3175930.687194292899221 ], [ -6218629.570349461399019, -3175938.13382765930146 ], [ -6218620.623661881312728, -3175944.449702253099531 ], [ -6218612.180177456699312, -3175949.947255002800375 ], [ -6218601.605483232997358, -3175955.251354769803584 ], [ -6218595.833439541980624, -3175957.319409348070621 ], [ -6218576.822451177053154, -3175980.001641847658902 ], [ -6218567.180064770393074, -3175989.278343697544187 ], [ -6218563.900086657144129, -3175991.315688072703779 ], [ -6219346.732196032069623, -3176892.853879003319889 ], [ -6221241.260465644299984, -3174849.646883036009967 ], [ -6221299.557545755058527, -3174787.093528541736305 ], [ -6221561.338778778910637, -3174506.192853446584195 ], [ -6221694.455445372499526, -3174299.94985835859552 ], [ -6221756.982439140789211, -3174166.6570810158737 ], [ -6221653.835330969654024, -3174071.043766677845269 ], [ -6221587.393924945965409, -3174003.634074438828975 ], [ -6221603.646321641281247, -3173962.637405893299729 ], [ -6221599.823333233594894, -3173897.242274585645646 ], [ -6221585.581835079938173, -3173903.477248182985932 ], [ -6221581.998940455727279, -3173894.144602695479989 ], [ -6221569.514457561075687, -3173882.431909807492048 ], [ -6221566.073472316376865, -3173844.110677037853748 ], [ -6221545.339905014261603, -3173835.754364853724837 ], [ -6221533.450935356318951, -3173841.372687319293618 ], [ -6221513.997912134975195, -3173835.507881287485361 ], [ -6221516.43007627595216, -3173825.14590666256845 ], [ -6221523.580835960805416, -3173805.276909952517599 ], [ -6221501.676134030334651, -3173786.016356148291379 ], [ -6221483.027416407130659, -3173768.778334456961602 ], [ -6221468.531275660730898, -3173760.338877256028354 ], [ -6221451.411007373593748, -3173764.403561599552631 ], [ -6221424.367477182298899, -3173761.738606200553477 ], [ -6221396.39092968031764, -3173755.101777606643736 ], [ -6221356.780675551854074, -3173734.453575301449746 ], [ -6221323.828182143159211, -3173706.633622803725302 ], [ -6221315.523343817330897, -3173689.036480260081589 ], [ -6221299.1613978613168, -3173672.653295694384724 ], [ -6221286.210856791585684, -3173658.954645066522062 ], [ -6221279.232625661417842, -3173652.923611053731292 ], [ -6221269.812503188848495, -3173645.375650271307677 ], [ -6221254.191665253601968, -3173635.10647725360468 ], [ -6221239.229319565929472, -3173624.680973017122597 ], [ -6221199.418161869049072, -3173594.296068691648543 ], [ -6221184.263913971371949, -3173586.012749032583088 ], [ -6221163.100995372980833, -3173572.865971724502742 ], [ -6221156.936819166876376, -3173567.340561336837709 ], [ -6221131.823164654895663, -3173555.131660568993539 ], [ -6221117.409942360594869, -3173552.962273980025202 ], [ -6221103.58217048086226, -3173556.244894066825509 ], [ -6221094.674629007466137, -3173559.757225951645523 ], [ -6221084.532612613402307, -3173569.852486665826291 ], [ -6221073.914694309234619, -3173566.083203785587102 ], [ -6221053.135927936993539, -3173548.651874162722379 ], [ -6221040.387152382172644, -3173544.689544450957328 ], [ -6221023.376621245406568, -3173540.341144642792642 ], [ -6221010.54543465282768, -3173530.108501901850104 ], [ -6220991.358165963552892, -3173516.492591458838433 ], [ -6220985.002068004570901, -3173513.10932561615482 ], [ -6220966.747739881277084, -3173503.465170448180288 ], [ -6220959.5777089856565, -3173499.576242145616561 ], [ -6220947.368531006388366, -3173491.991419668775052 ], [ -6220938.375544690527022, -3173488.628404141869396 ], [ -6220922.913670468144119, -3173479.62590625975281 ], [ -6220877.845196831040084, -3173462.369409631937742 ], [ -6220830.243458778597414, -3173425.447041288483888 ], [ -6220797.393286281265318, -3173377.335619469638914 ], [ -6220780.392077373340726, -3173334.547485980205238 ], [ -6220759.805996040813625, -3173264.656142118386924 ], [ -6220749.983960877172649, -3173187.318180638365448 ], [ -6220732.937386224977672, -3173135.456385327037424 ], [ -6220713.659505690447986, -3173103.692147432360798 ], [ -6220672.954805645160377, -3173066.531203967053443 ], [ -6220627.549523210152984, -3173062.632828981149942 ], [ -6220595.861827892251313, -3173063.86450646398589 ], [ -6220561.467112017795444, -3173071.329379799775779 ], [ -6220557.132279843091965, -3173076.55132810678333 ], [ -6220554.352024581283331, -3173088.392738991882652 ], [ -6220546.999238329008222, -3173098.524074550252408 ], [ -6220545.920020895078778, -3173105.768681652378291 ], [ -6220546.779533202759922, -3173115.348516569007188 ], [ -6220550.5837636673823, -3173125.627117617055774 ], [ -6220548.498560721985996, -3173134.508204212877899 ], [ -6220549.906674420461059, -3173152.344019165728241 ], [ -6220550.848415529355407, -3173168.194005804602057 ], [ -6220550.235568957403302, -3173177.42450145771727 ], [ -6220545.67200283985585, -3173187.59271034412086 ], [ -6220537.926020639948547, -3173190.13007387984544 ], [ -6220529.439367895014584, -3173186.553586108144373 ], [ -6220525.214354700408876, -3173183.36329634161666 ], [ -6220518.50202645920217, -3173169.581791769713163 ], [ -6220511.250090770423412, -3173159.422613370232284 ], [ -6220507.217172536998987, -3173154.090191764757037 ], [ -6220504.108045033179224, -3173140.851195723284036 ], [ -6220499.919679033569992, -3173134.856830343138427 ], [ -6220488.524984890595078, -3173127.777484837453812 ], [ -6220483.403898540884256, -3173117.811427871696651 ], [ -6220481.035443822853267, -3173110.686276228632778 ], [ -6220478.666991419158876, -3173103.561127866152674 ], [ -6220486.019828924909234, -3173093.429826908744872 ], [ -6220489.037794773466885, -3173088.520458165556192 ], [ -6220490.857687041163445, -3173087.389668296091259 ], [ -6220496.390616618096828, -3173078.389161977451295 ], [ -6220503.981086894869804, -3173075.189893940929323 ], [ -6220508.818930272012949, -3173069.149736369028687 ], [ -6220511.681426553055644, -3173063.578425144776702 ], [ -6220511.553635869175196, -3173048.234218820929527 ], [ -6220508.828685093671083, -3173030.711097028106451 ], [ -6220503.826447470113635, -3173024.21111803734675 ], [ -6220489.057412467896938, -3173011.643181245308369 ], [ -6220479.253990789875388, -3173008.379272741265595 ], [ -6220471.70018376596272, -3173008.774459508247674 ], [ -6220447.374328351579607, -3173011.752718076109886 ], [ -6220434.205409, -3173014.878274802584201 ], [ -6220426.304054073989391, -3173016.753603029064834 ], [ -6220413.446027948521078, -3173021.203029213938862 ], [ -6220410.428051393479109, -3173026.112357526551932 ], [ -6220402.83758847694844, -3173029.311563066672534 ], [ -6220393.632568354718387, -3173028.477296323049814 ], [ -6220390.985538087785244, -3173032.124529630411416 ], [ -6220386.961555218324065, -3173038.670297856908292 ], [ -6220373.911546368151903, -3173053.054780823644251 ], [ -6220368.926892443560064, -3173062.518153365235776 ], [ -6220368.780280161648989, -3173073.73440963961184 ], [ -6220364.372068258933723, -3173084.564429242629558 ], [ -6220355.821040651760995, -3173098.474223385099322 ], [ -6220347.269995678216219, -3173112.38402538979426 ], [ -6220344.178658990189433, -3173122.901517909951508 ], [ -6220337.520816713571548, -3173130.072410302702338 ], [ -6220325.68626482412219, -3173156.641871065832675 ], [ -6220314.309221346862614, -3173173.318935165647417 ], [ -6220299.603203667327762, -3173193.581460538320243 ], [ -6220291.939284685999155, -3173202.388819294515997 ], [ -6220288.500320312567055, -3173214.38654618198052 ], [ -6220276.775619155727327, -3173232.543828645721078 ], [ -6220266.33112930227071, -3173253.192679287865758 ], [ -6220258.667155845090747, -3173262.000055005308241 ], [ -6220240.942866585217416, -3173287.172021003905684 ], [ -6220229.492246027104557, -3173309.457383176311851 ], [ -6220217.501882092095912, -3173335.365116320550442 ], [ -6220209.846525866538286, -3173356.050950480159372 ], [ -6220191.463559449650347, -3173381.37928386265412 ], [ -6220183.45188772585243, -3173391.666891240980476 ], [ -6220178.274873978458345, -3173411.065745543222874 ], [ -6220167.134931625798345, -3173434.675178780220449 ], [ -6220159.434095704928041, -3173446.286743881646544 ], [ -6220155.446580010466278, -3173450.028491529636085 ], [ -6220153.287670812569559, -3173464.517994107212871 ], [ -6220146.482758744619787, -3173482.905533080454916 ], [ -6220139.632494335994124, -3173492.218680244870484 ], [ -6220132.782220669090748, -3173501.531829852145165 ], [ -6220127.678503243252635, -3173515.32251 ], [ -6220117.617869067937136, -3173531.687282651197165 ], [ -6220113.090575340203941, -3173539.051433830987662 ], [ -6220108.563276747241616, -3173546.415587211959064 ], [ -6220095.868694794364274, -3173563.405447705183178 ], [ -6220090.454034795984626, -3173575.872223912738264 ], [ -6220079.387237926013768, -3173593.873518803156912 ], [ -6220072.344716093502939, -3173605.328894726000726 ], [ -6220063.097867486998439, -3173622.199438916053623 ], [ -6220053.850996001623571, -3173639.069996363483369 ], [ -6220040.447926686145365, -3173657.007904222235084 ], [ -6220034.808880302123725, -3173664.554872738663107 ], [ -6220017.010200595483184, -3173695.335609565954655 ], [ -6220012.053215925581753, -3173697.909680546727031 ] ] ] ] } },
{ "type": "Feature", "properties": { "Layer": "limite seccion", "Text": "025", "UT": "UTO" }, "geometry": { "type": "MultiPolygon", "coordinates": [ [ [ [ -6234531.740743014961481, -3166797.990958875976503 ], [ -6234027.857183577492833, -3167109.201300666667521 ], [ -6233063.238052197732031, -3167724.23989033838734 ], [ -6232710.922525962814689, -3167974.144333367235959 ], [ -6232623.531856599263847, -3168035.284957928117365 ], [ -6232575.719828879460692, -3168068.735052023082972 ], [ -6232515.949726660735905, -3168098.171703736763448 ], [ -6232399.820722466334701, -3168103.208103570155799 ], [ -6232259.977145954035223, -3168096.079725181218237 ], [ -6232182.347722521983087, -3168125.368833752349019 ], [ -6232086.665277290157974, -3168178.449314822908491 ], [ -6232060.87360511533916, -3168223.799766528885812 ], [ -6232035.081762217916548, -3168269.150310749653727 ], [ -6231989.425819122232497, -3168340.595510519109666 ], [ -6231968.932555994950235, -3168380.972905963659286 ], [ -6231947.684188199229538, -3168431.671250686049461 ], [ -6231950.295620718970895, -3168457.59844885347411 ], [ -6231974.096676462329924, -3168482.657082284335047 ], [ -6232003.048691139556468, -3168500.4451959640719 ], [ -6231965.190274011343718, -3168504.522313068620861 ], [ -6231926.394591568037868, -3168492.233903462067246 ], [ -6231894.087017862126231, -3168482.000491072423756 ], [ -6231883.212252002209425, -3168477.523558136075735 ], [ -6231867.198446161113679, -3168478.85462614428252 ], [ -6231844.96169057302177, -3168529.861405567266047 ], [ -6231779.059059345163405, -3168583.434683233033866 ], [ -6231697.118127096444368, -3168641.263652230612934 ], [ -6231670.563866969197989, -3168686.384919497650117 ], [ -6231638.404773321002722, -3168705.133796714711934 ], [ -6231569.84123157709837, -3168727.970668536610901 ], [ -6231432.999935194849968, -3168734.42740464489907 ], [ -6231370.312665450386703, -3168748.014720988925546 ], [ -6231354.852680277079344, -3168797.823216373100877 ], [ -6231326.632413877174258, -3168809.262894293293357 ], [ -6231333.972890770994127, -3168823.81230043945834 ], [ -6231348.879883361048996, -3168845.210495409090072 ], [ -6231334.413720399141312, -3168868.351402153726667 ], [ -6231320.905712628737092, -3168882.304697611369193 ], [ -6231286.600739509798586, -3168821.153598426841199 ], [ -6231259.3111373456195, -3168796.469229180365801 ], [ -6231213.802391124889255, -3168789.522005289793015 ], [ -6231173.256907272152603, -3168785.126584251411259 ], [ -6231134.096791826188564, -3168785.362851739861071 ], [ -6231074.636187778785825, -3168798.483521188609302 ], [ -6231004.192519560456276, -3168826.991579256486148 ], [ -6230991.939314047805965, -3168851.174004102125764 ], [ -6230976.992559255100787, -3168855.993033709935844 ], [ -6230979.792681614868343, -3168823.181588053237647 ], [ -6230976.730993594974279, -3168792.007226227782667 ], [ -6230974.681723415851593, -3168788.772415935061872 ], [ -6230929.508023368194699, -3168783.523615300189704 ], [ -6230900.724443059414625, -3168778.546147527173162 ], [ -6230853.459775108844042, -3168788.198378540575504 ], [ -6230803.333344637416303, -3168803.826977544464171 ], [ -6230779.885703175328672, -3168812.189032523427159 ], [ -6230750.114249290898442, -3168802.202565633226186 ], [ -6230706.894360220991075, -3168799.424843941349536 ], [ -6230539.542705534957349, -3168808.633456013631076 ], [ -6230478.191167724318802, -3168795.789453123230487 ], [ -6230386.536484187468886, -3168782.195463680662215 ], [ -6230337.337183432653546, -3168757.869742767419666 ], [ -6230273.842197355814278, -3168748.920729764737189 ], [ -6230259.344857881776989, -3168737.415988625958562 ], [ -6230205.351209213957191, -3168736.932274983264506 ], [ -6230094.497149748727679, -3168715.937730142381042 ], [ -6230045.940651334822178, -3168703.509653033223003 ], [ -6230018.086418709717691, -3168674.610897684004158 ], [ -6229991.821263662539423, -3168649.480469062458724 ], [ -6229948.643459051847458, -3168653.32179233757779 ], [ -6229896.878163855522871, -3168689.540860730689019 ], [ -6229858.660827933810651, -3168732.269125706981868 ], [ -6229836.131270720623434, -3168769.688199237920344 ], [ -6229836.516918912529945, -3168805.688957825768739 ], [ -6229836.418438795022666, -3168836.988265745807439 ], [ -6229849.154662833549082, -3168843.745334968436509 ], [ -6229862.363733950071037, -3168853.186953163705766 ], [ -6229866.505145032890141, -3168872.098922255914658 ], [ -6229851.720515005290508, -3168873.592771904543042 ], [ -6229839.32809822820127, -3168860.178143829107285 ], [ -6229840.623075829818845, -3168855.052455418277532 ], [ -6229827.619673614390194, -3168875.834399232175201 ], [ -6229826.799771910533309, -3168894.026296127587557 ], [ -6229827.733491995371878, -3168908.319403033703566 ], [ -6229824.163501117378473, -3168914.861026996280998 ], [ -6229814.637486729770899, -3168936.274634835775942 ], [ -6229802.722188870422542, -3168963.059073175303638 ], [ -6229790.624890525825322, -3168990.99535430688411 ], [ -6229723.597347843460739, -3168993.284259941894561 ], [ -6229684.930376822128892, -3168994.604539590422064 ], [ -6229480.357149634510279, -3169306.803320836275816 ], [ -6229364.104828462935984, -3169479.744148939847946 ], [ -6229312.55332560185343, -3169670.248138334136456 ], [ -6229372.971459485590458, -3169886.519669704604894 ], [ -6229281.85872483626008, -3169868.082814944442362 ], [ -6229242.654199793934822, -3169860.149504769593477 ], [ -6229171.996327137574553, -3169845.851098446641117 ], [ -6229126.542069778777659, -3169858.387135257013142 ], [ -6229035.76372451055795, -3169883.422822407912463 ], [ -6228959.022878236137331, -3169904.586613287217915 ], [ -6229013.695079683326185, -3169963.041466496419162 ], [ -6229002.277196371927857, -3170032.558430550154299 ], [ -6228955.62770039588213, -3170085.903408398386091 ], [ -6228870.194375040009618, -3170393.426133594475687 ], [ -6228849.863089703023434, -3170512.66586537193507 ], [ -6228848.472597950138152, -3170679.276099992450327 ], [ -6228888.769982787780464, -3170815.69202577881515 ], [ -6228904.231223799288273, -3170949.122685259673744 ], [ -6228858.899943425320089, -3171084.819070178549737 ], [ -6228855.347570604644716, -3171231.016780679579824 ], [ -6228834.476846987381577, -3171504.025835408829153 ], [ -6228791.730832962319255, -3171860.946414885576814 ], [ -6228756.46247947588563, -3171930.393638147041202 ], [ -6228754.186931500211358, -3172117.653456097934395 ], [ -6228726.448276814073324, -3172271.699208653531969 ], [ -6228734.137642308138311, -3172342.246627773158252 ], [ -6228794.109029320068657, -3172498.725871112663299 ], [ -6228811.589271241798997, -3172628.000505464617163 ], [ -6228830.424864107742906, -3172765.87142118671909 ], [ -6228909.500746998935938, -3172863.765343330800533 ], [ -6228883.320190971717238, -3172977.680979713797569 ], [ -6228962.997140630148351, -3173003.716832720208913 ], [ -6228991.900959047488868, -3173067.370216453447938 ], [ -6229020.17052336782217, -3173207.11085332930088 ], [ -6229011.054629322141409, -3173357.755113889928907 ], [ -6229038.591445935890079, -3173355.151847175322473 ], [ -6229039.573174246586859, -3173371.394556178711355 ], [ -6229040.4114213231951, -3173373.632826067972928 ], [ -6229041.249668659642339, -3173375.871096269693226 ], [ -6229040.195386904291809, -3173382.578977872151881 ], [ -6229045.555636367760599, -3173393.586131676565856 ], [ -6229058.931554059498012, -3173404.605529270600528 ], [ -6229071.468420083634555, -3173426.524558094330132 ], [ -6229092.701619355008006, -3173442.321217061486095 ], [ -6229099.029773675836623, -3173450.988255529664457 ], [ -6229099.269423966296017, -3173459.812093603424728 ], [ -6229103.226301771588624, -3173470.019571170210838 ], [ -6229111.278685412369668, -3173472.35017342492938 ], [ -6229118.154012048617005, -3173476.281845676712692 ], [ -6229126.46809517685324, -3173485.632095800247043 ], [ -6229140.086023283191025, -3173508.044592354912311 ], [ -6229139.19500118214637, -3173514.725040673743933 ], [ -6229146.143220704980195, -3173519.312309325672686 ], [ -6229150.358858823776245, -3173528.622628987301141 ], [ -6229148.374743696302176, -3173535.487619940191507 ], [ -6229150.911264379508793, -3173536.9155393531546 ], [ -6229157.869996462017298, -3173540.832913597114384 ], [ -6229167.365256655029953, -3173546.178202971350402 ], [ -6229179.356265093199909, -3173550.177273741457611 ], [ -6229193.8656549686566, -3173553.5471052066423 ], [ -6229196.490847202017903, -3173570.647931275423616 ], [ -6229199.180771543644369, -3173578.679684548638761 ], [ -6229200.635657270438969, -3173589.739298385567963 ], [ -6229204.210691033862531, -3173586.54921691538766 ], [ -6229215.517611840739846, -3173587.750279211439192 ], [ -6229223.504871379584074, -3173592.069869740866125 ], [ -6229249.120757522061467, -3173616.255451327189803 ], [ -6229261.655030504800379, -3173639.401492410339415 ], [ -6229270.287525020539761, -3173652.880764346104115 ], [ -6229277.031341250985861, -3173674.397948927246034 ], [ -6229282.21524438355118, -3173704.614815525244921 ], [ -6229288.745852096006274, -3173718.775906233116984 ], [ -6229297.761724330484867, -3173741.945287715177983 ], [ -6229307.957942018285394, -3173764.644228291232139 ], [ -6229310.678795259445906, -3173787.439889359287918 ], [ -6229314.866275792941451, -3173807.892318029422313 ], [ -6229299.658950624987483, -3173849.60732195712626 ], [ -6229297.123277276754379, -3173855.719725959934294 ], [ -6229287.81797035690397, -3173872.212302494328469 ], [ -6229277.755773204378784, -3173897.730222744401544 ], [ -6229259.896115380339324, -3173917.291599876713008 ], [ -6229250.821345527656376, -3173945.786073951981962 ], [ -6229248.374993994832039, -3173968.236582831479609 ], [ -6229250.371826320886612, -3173982.156920499633998 ], [ -6229258.675081585533917, -3174003.024696813430637 ], [ -6229268.237429346889257, -3174027.027771203778684 ], [ -6229274.961804931052029, -3174033.690505038946867 ], [ -6229283.329225490801036, -3174051.728182088118047 ], [ -6229288.507884785532951, -3174069.338234412483871 ], [ -6229289.889835276640952, -3174097.034843457397074 ], [ -6229286.093732031993568, -3174116.157214840874076 ], [ -6229285.539410599507391, -3174124.466375934891403 ], [ -6229289.810672147199512, -3174148.397141055203974 ], [ -6229298.589824727736413, -3174161.387965899892151 ], [ -6229304.471885535866022, -3174172.245882633607835 ], [ -6229312.556794539093971, -3174194.574723782483488 ], [ -6229320.64172849804163, -3174216.903596416115761 ], [ -6229330.832768872380257, -3174228.82418358605355 ], [ -6229342.993775867857039, -3174251.713909385260195 ], [ -6229355.056595659814775, -3174276.528713929466903 ], [ -6229352.398341759108007, -3174352.332044969312847 ], [ -6229363.4723767247051, -3174390.609389159362763 ], [ -6229366.781032425351441, -3174430.249795791693032 ], [ -6229376.129209794104099, -3174445.865645145531744 ], [ -6229384.000643530860543, -3174464.745558643713593 ], [ -6229385.432274944148958, -3174478.598935606889427 ], [ -6229389.75844182446599, -3174492.58483769511804 ], [ -6229392.952033600769937, -3174505.083307378459722 ], [ -6229399.361295698210597, -3174538.184325364418328 ], [ -6229408.079361454583704, -3174564.519436445087194 ], [ -6229412.413877736777067, -3174576.243533916771412 ], [ -6229420.066460077650845, -3174591.998189787380397 ], [ -6229422.200432085432112, -3174606.839607347734272 ], [ -6229430.578276995569468, -3174632.33418902149424 ], [ -6229454.872838672250509, -3174681.460636550094932 ], [ -6229458.536074079573154, -3174723.942954578902572 ], [ -6229465.125905863940716, -3174739.630987610202283 ], [ -6229468.350312096066773, -3174766.689916577655822 ], [ -6229480.260819333605468, -3174795.87408166192472 ], [ -6229480.629488625563681, -3174809.51324827875942 ], [ -6229573.569787464104593, -3174894.671212368644774 ], [ -6229597.648477788083255, -3174902.96249037515372 ], [ -6229609.434592242352664, -3174937.615828005596995 ], [ -6229612.141338570974767, -3174986.318409083876759 ], [ -6229591.565538262948394, -3175063.915505473036319 ], [ -6229587.047755781561136, -3175119.495092217344791 ], [ -6229620.915643413551152, -3175278.823963959235698 ], [ -6229678.856545723043382, -3175398.353561850264668 ], [ -6229690.241304269060493, -3175421.839689725078642 ], [ -6229667.763043256476521, -3175547.141533012967557 ], [ -6229723.339676597155631, -3175558.335410289932042 ], [ -6229803.534779245965183, -3175623.086516634561121 ], [ -6229751.39155902992934, -3175693.426479284185916 ], [ -6229752.980160654522479, -3175732.856282679829746 ], [ -6229900.962899749167264, -3175816.248941155616194 ], [ -6229946.757976654917002, -3175901.389027889352292 ], [ -6229903.274972659535706, -3175972.320381195750087 ], [ -6229897.865445638075471, -3175981.144598295912147 ], [ -6229866.780117134563625, -3176086.695845898706466 ], [ -6229893.967611697502434, -3176173.201241955161095 ], [ -6229873.285513925366104, -3176264.991345757152885 ], [ -6229870.071691211313009, -3176279.254684433806688 ], [ -6229876.966660906560719, -3176407.242746169213206 ], [ -6229806.996000898070633, -3176501.009624776896089 ], [ -6229898.909160977229476, -3176572.13425226835534 ], [ -6229928.070466175675392, -3176600.173011962790042 ], [ -6229991.517608750611544, -3176774.458574124611914 ], [ -6229991.517608754336834, -3176774.458574175834656 ], [ -6233193.234920936636627, -3176383.472715436946601 ], [ -6233338.816494732163846, -3176365.441408040933311 ], [ -6235011.395332005806267, -3176167.005034170113504 ], [ -6235252.835843845270574, -3176140.795816134195775 ], [ -6236040.26274739485234, -3176020.17613333510235 ], [ -6238093.533443708904088, -3175731.99112339457497 ], [ -6238380.736261994577944, -3175676.474081311840564 ], [ -6238456.35016206279397, -3175626.551692989189178 ], [ -6238456.35016206279397, -3175626.551692989189178 ], [ -6238424.775725837796926, -3175593.624768864829093 ], [ -6238370.090600919909775, -3175522.365875452756882 ], [ -6238338.998624602332711, -3175481.850404721684754 ], [ -6238304.976151230745018, -3175437.516039974056184 ], [ -6238304.976151230745018, -3175437.516039974056184 ], [ -6238288.964946889318526, -3175449.275140902493149 ], [ -6238278.798572168685496, -3175456.741611310280859 ], [ -6238278.798572168685496, -3175456.741611310280859 ], [ -6238264.989899923093617, -3175466.883068170864135 ], [ -6238264.989899923093617, -3175466.883068170864135 ], [ -6238264.989899923093617, -3175466.883068170864135 ], [ -6238256.960406236350536, -3175472.780132296029478 ], [ -6238240.909922583959997, -3175484.567993152420968 ], [ -6238217.013758415356278, -3175502.117855843156576 ], [ -6238217.013758415356278, -3175502.117855843156576 ], [ -6238209.524046340957284, -3175491.268265228718519 ], [ -6238209.524046340957284, -3175491.268265228718519 ], [ -6238209.524046340957284, -3175491.268265228718519 ], [ -6238197.372061141766608, -3175473.664883946999907 ], [ -6238192.600194972008467, -3175466.752343808300793 ], [ -6238177.467525033280253, -3175444.831078720279038 ], [ -6238165.179526856169105, -3175418.408632381819189 ], [ -6238153.748219630680978, -3175401.366415212396532 ], [ -6238138.419768996536732, -3175383.429560925345868 ], [ -6238120.657839444465935, -3175359.186443397775292 ], [ -6238108.296844086609781, -3175338.268137951847166 ], [ -6238101.036933476105332, -3175327.800565188750625 ], [ -6238094.882483135908842, -3175318.816515016835183 ], [ -6238094.882483135908842, -3175318.816515016835183 ], [ -6238091.051827809773386, -3175309.909848948940635 ], [ -6238091.051827809773386, -3175309.909848948940635 ], [ -6238091.051827809773386, -3175309.909848948940635 ], [ -6238085.711904883384705, -3175301.333962840028107 ], [ -6238085.711904883384705, -3175301.333962840028107 ], [ -6238084.232614440843463, -3175297.609467562753707 ], [ -6238084.232614440843463, -3175297.609467562753707 ], [ -6238082.209291879087687, -3175288.016925594769418 ], [ -6238081.583345313556492, -3175277.173190077301115 ], [ -6238077.712869497947395, -3175258.059113702736795 ], [ -6238076.026062827557325, -3175241.090809846296906 ], [ -6238074.285203725099564, -3175224.735385852865875 ], [ -6238071.398509274236858, -3175208.02481539035216 ], [ -6238067.283537780866027, -3175181.630515280179679 ], [ -6238067.283537780866027, -3175181.630515280179679 ], [ -6238067.283537780866027, -3175181.630515280179679 ], [ -6238061.743613227270544, -3175148.466130791697651 ], [ -6238061.285227905027568, -3175131.626505329739302 ], [ -6238061.285227905027568, -3175131.626505329739302 ], [ -6238061.285227905027568, -3175131.626505329739302 ], [ -6238061.285227905027568, -3175131.626505329739302 ], [ -6238059.231812197715044, -3175131.019825732335448 ], [ -6238052.849793578498065, -3175081.643701954279095 ], [ -6238049.54238014575094, -3175052.967389250174165 ], [ -6238047.613378600217402, -3175045.672491749748588 ], [ -6238055.50989165250212, -3175020.066692017950118 ], [ -6238059.467319042421877, -3175007.019309042952955 ], [ -6238061.496373788453639, -3175002.876550528220832 ], [ -6238063.368262289091945, -3174996.052528447471559 ], [ -6238065.405585924163461, -3174991.766588674392551 ], [ -6238069.140860847197473, -3174986.409752958454192 ], [ -6238071.304065599106252, -3174979.030004295054823 ], [ -6238076.726804509758949, -3174956.397985051386058 ], [ -6238111.278887992724776, -3174952.173197411932051 ], [ -6238143.803745044395328, -3174947.808508012443781 ], [ -6238148.21128936111927, -3174942.527448248118162 ], [ -6238152.038734968751669, -3174934.628440218046308 ], [ -6238157.113282046280801, -3174927.820352513808757 ], [ -6238157.113282046280801, -3174927.820352513808757 ], [ -6238157.113282046280801, -3174927.820352513808757 ], [ -6238157.113282046280801, -3174927.820352513808757 ], [ -6238163.801475655287504, -3174917.135953641496599 ], [ -6238168.792304403148592, -3174907.71569352876395 ], [ -6238174.495393011718988, -3174897.030413824599236 ], [ -6238181.212228795513511, -3174885.003154071979225 ], [ -6238188.166925460100174, -3174872.719197420869023 ], [ -6238197.429351889528334, -3174857.414824383333325 ], [ -6238203.210908965207636, -3174849.306856383103877 ], [ -6238214.399373105727136, -3174836.713166309520602 ], [ -6238230.429271431639791, -3174805.317270666826516 ], [ -6238250.003914043307304, -3174768.065157329663634 ], [ -6238257.728998445905745, -3174756.074530921876431 ], [ -6238257.728998445905745, -3174756.074530921876431 ], [ -6238257.728998445905745, -3174756.074530921876431 ], [ -6238257.728998445905745, -3174756.074530921876431 ], [ -6238266.566528998315334, -3174741.216899672988802 ], [ -6238273.979188713245094, -3174734.42751910770312 ], [ -6238275.477185844443738, -3174735.192634345032275 ], [ -6238284.595706049352884, -3174728.606110066641122 ], [ -6238284.595706049352884, -3174728.606110066641122 ], [ -6238284.595706049352884, -3174728.606110066641122 ], [ -6238301.110338344238698, -3174712.616519675124437 ], [ -6238316.848990818485618, -3174697.023670030292124 ], [ -6238324.666116366162896, -3174690.018032094929367 ], [ -6238330.065019369125366, -3174686.860152730718255 ], [ -6238338.524321722798049, -3174679.768356437329203 ], [ -6238351.498354422859848, -3174668.101270569022745 ], [ -6238375.595619319938123, -3174648.78086511278525 ], [ -6238375.595619319938123, -3174648.78086511278525 ], [ -6238390.659301313571632, -3174638.574172080494463 ], [ -6238397.567059650085866, -3174631.100207939743996 ], [ -6238399.167740411125124, -3174617.778162707574666 ], [ -6238400.860677019692957, -3174605.752584605943412 ], [ -6238400.860677019692957, -3174605.752584605943412 ], [ -6238400.860677019692957, -3174605.752584605943412 ], [ -6238400.860677019692957, -3174605.752584605943412 ], [ -6238400.860677019692957, -3174605.752584605943412 ], [ -6238400.860677019692957, -3174605.752584605943412 ], [ -6238400.860677019692957, -3174605.752584605943412 ], [ -6238405.045443559996784, -3174578.943238591775298 ], [ -6238409.786671559326351, -3174557.994639303535223 ], [ -6238409.786671559326351, -3174557.994639303535223 ], [ -6238409.786671559326351, -3174557.994639303535223 ], [ -6238411.622096516191959, -3174540.570171474479139 ], [ -6238407.731094514019787, -3174522.417615 ], [ -6238408.739951890893281, -3174522.088454914279282 ], [ -6238402.450450727716088, -3174485.918891860172153 ], [ -6238394.537262823432684, -3174430.582821893040091 ], [ -6238408.265861815772951, -3174419.82528312690556 ], [ -6238408.265861815772951, -3174419.82528312690556 ], [ -6238413.776510877534747, -3174413.472645485308021 ], [ -6238425.357440587133169, -3174401.174608963076025 ], [ -6238430.875742794945836, -3174396.215280519798398 ], [ -6238451.987856265157461, -3174378.034813200589269 ], [ -6238467.153206124901772, -3174362.745727674104273 ], [ -6238476.130728059448302, -3174355.77083309693262 ], [ -6238484.509283132851124, -3174347.984175864141434 ], [ -6238493.612314305268228, -3174336.695656079333276 ], [ -6238502.572186835110188, -3174325.406030604615808 ], [ -6238510.22208843100816, -3174316.981970813125372 ], [ -6238510.22208843100816, -3174316.981970813125372 ], [ -6238510.22208843100816, -3174316.981970813125372 ], [ -6238510.22208843100816, -3174316.981970813125372 ], [ -6238534.336078565567732, -3174287.943165350239724 ], [ -6238534.336078565567732, -3174287.943165350239724 ], [ -6238551.993620419874787, -3174263.467368538957089 ], [ -6238563.083401633426547, -3174249.846389030572027 ], [ -6238573.721838183701038, -3174236.669208043720573 ], [ -6238582.019783463329077, -3174227.490389005746692 ], [ -6238582.019783463329077, -3174227.490389005746692 ], [ -6238580.983345499262214, -3174226.774546434171498 ], [ -6238605.841239700093865, -3174195.335718545597047 ], [ -6238605.841239700093865, -3174195.335718545597047 ], [ -6238605.841239700093865, -3174195.335718545597047 ], [ -6238611.631790742278099, -3174187.683976940345019 ], [ -6238618.833866190165281, -3174175.163292876910418 ], [ -6238632.454243647865951, -3174160.817490193992853 ], [ -6238640.873546037822962, -3174149.028161293826997 ], [ -6238650.919106990098953, -3174117.687793046701699 ], [ -6238659.943002524785697, -3174094.259630218148232 ], [ -6238663.796507872641087, -3174078.690031623467803 ], [ -6238679.06561235152185, -3174033.426433513872325 ], [ -6238693.769880047068, -3173990.21787398122251 ], [ -6238719.35121088847518, -3173923.777133042924106 ], [ -6238745.494184706360102, -3173850.881448852829635 ], [ -6238730.733350232243538, -3173794.538729405961931 ], [ -6238721.715034937486053, -3173756.251456229947507 ], [ -6238715.99795829039067, -3173724.26421640207991 ], [ -6238708.263227670453489, -3173696.254329385701567 ], [ -6238704.938508718274534, -3173676.264298340305686 ], [ -6238704.938508718274534, -3173676.264298340305686 ], [ -6238698.736284426413476, -3173659.503760899882764 ], [ -6238691.461202243342996, -3173616.331019021105021 ], [ -6238681.078521708957851, -3173572.302473901771009 ], [ -6238669.561199279502034, -3173525.827163256704807 ], [ -6238661.369006156921387, -3173504.558709920849651 ], [ -6238654.18469222355634, -3173466.510730794630945 ], [ -6238631.380976133048534, -3173458.382566998247057 ], [ -6238631.380976133048534, -3173458.382566998247057 ], [ -6238610.319318321533501, -3173452.476666434202343 ], [ -6238589.286469628103077, -3173440.776326250750571 ], [ -6238559.97904338221997, -3173430.523055366706103 ], [ -6238559.97904338221997, -3173430.523055366706103 ], [ -6238536.198816888965666, -3173422.540649829432368 ], [ -6238536.198816888965666, -3173422.540649829432368 ], [ -6238536.198816888965666, -3173422.540649829432368 ], [ -6238518.525673518888652, -3173413.491365805733949 ], [ -6238518.525673518888652, -3173413.491365805733949 ], [ -6238518.525673518888652, -3173413.491365805733949 ], [ -6238493.099268279969692, -3173403.268084974959493 ], [ -6238493.099268279969692, -3173403.268084974959493 ], [ -6238493.099268279969692, -3173403.268084974959493 ], [ -6238386.173163349740207, -3173357.897469583433121 ], [ -6238376.422679972834885, -3173349.440181876067072 ], [ -6238346.643091103062034, -3173328.994560204911977 ], [ -6238346.643091103062034, -3173328.994560204911977 ], [ -6238330.037620468996465, -3173318.511878026649356 ], [ -6238315.421571408398449, -3173304.593322637956589 ], [ -6238304.658169064670801, -3173297.839880100917071 ], [ -6238304.658169064670801, -3173297.839880100917071 ], [ -6238285.192202891223133, -3173283.641849697567523 ], [ -6238274.055807614699006, -3173277.234281423967332 ], [ -6238274.055807614699006, -3173277.234281423967332 ], [ -6238251.132432109676301, -3173258.092974045313895 ], [ -6238232.009207300841808, -3173211.409073537681252 ], [ -6238232.009207300841808, -3173211.409073537681252 ], [ -6238220.13785351999104, -3173176.3304951521568 ], [ -6238206.13775578700006, -3173142.492496015969664 ], [ -6238206.13775578700006, -3173142.492496015969664 ], [ -6238152.501108452677727, -3172996.471680642105639 ], [ -6238117.752937253564596, -3172972.268963599111885 ], [ -6238086.377149194478989, -3172948.744315253105015 ], [ -6238070.964070868678391, -3172937.347731884103268 ], [ -6238070.964070868678391, -3172937.347731884103268 ], [ -6238070.964070868678391, -3172937.347731884103268 ], [ -6238050.728872803039849, -3172923.603950559627265 ], [ -6238050.728872803039849, -3172923.603950559627265 ], [ -6238031.432512402534485, -3172911.089915219694376 ], [ -6238013.254974936135113, -3172898.584490245208144 ], [ -6238013.254974936135113, -3172898.584490245208144 ], [ -6237975.503164516761899, -3172869.227803981397301 ], [ -6237951.653704803436995, -3172852.035232275724411 ], [ -6237932.947389567270875, -3172838.661950395442545 ], [ -6237932.947389567270875, -3172838.661950395442545 ], [ -6237913.350004523992538, -3172825.962578758131713 ], [ -6237902.875782491639256, -3172792.902287545613945 ], [ -6237902.875782491639256, -3172792.902287545613945 ], [ -6237902.931832189671695, -3172793.450053327251226 ], [ -6237898.626618560403585, -3172775.550450306385756 ], [ -6237895.193056456744671, -3172766.13051344640553 ], [ -6237889.695682893507183, -3172743.964074324350804 ], [ -6237889.695682893507183, -3172743.964074324350804 ], [ -6237889.695682893507183, -3172743.964074324350804 ], [ -6237889.695682893507183, -3172743.964074324350804 ], [ -6237881.764959666877985, -3172711.99298610817641 ], [ -6237881.764959666877985, -3172711.99298610817641 ], [ -6237933.15150049328804, -3172626.065789700485766 ], [ -6237930.960899059660733, -3172616.05407736543566 ], [ -6237927.626351686194539, -3172590.665612970944494 ], [ -6237923.183316285721958, -3172561.410502077545971 ], [ -6237918.816755131818354, -3172537.817143564578146 ], [ -6237913.597176676616073, -3172502.159424454905093 ], [ -6237907.259857611730695, -3172454.8610745142214 ], [ -6237900.973972692154348, -3172439.390012254938483 ], [ -6237893.517672056332231, -3172424.625597856938839 ], [ -6237882.809694591909647, -3172400.834958758205175 ], [ -6237882.809694591909647, -3172400.834958758205175 ], [ -6237882.809694591909647, -3172400.834958758205175 ], [ -6237871.978904852643609, -3172376.240723983384669 ], [ -6237861.036163040436804, -3172352.398795307613909 ], [ -6237851.105392257682979, -3172328.581973369698972 ], [ -6237835.341985307633877, -3172292.118185405153781 ], [ -6237824.235933281481266, -3172266.46474851295352 ], [ -6237810.408292449079454, -3172220.151557174511254 ], [ -6237789.95885874517262, -3172159.712924601044506 ], [ -6237769.194695917889476, -3172148.838452385272831 ], [ -6237747.393568737432361, -3172140.103868987411261 ], [ -6237747.393568737432361, -3172140.103868987411261 ], [ -6237728.56604516133666, -3172130.275340950582176 ], [ -6237685.756809333339334, -3172107.803611401002854 ], [ -6237636.85412613209337, -3172085.823915437329561 ], [ -6237618.397521310485899, -3172078.080459605436772 ], [ -6237618.397521310485899, -3172078.080459605436772 ], [ -6237598.010621754452586, -3172067.695860001724213 ], [ -6237581.834686846472323, -3172058.798698471393436 ], [ -6237560.329001189209521, -3172044.850667534396052 ], [ -6237560.329001189209521, -3172044.850667534396052 ], [ -6237560.329001189209521, -3172044.850667534396052 ], [ -6237544.477080643177032, -3172035.429208874236792 ], [ -6237544.477080643177032, -3172035.429208874236792 ], [ -6237544.477080643177032, -3172035.429208874236792 ], [ -6237512.765585198067129, -3172018.465811119880527 ], [ -6237467.937114795669913, -3171988.133272600360215 ], [ -6237467.937114795669913, -3171988.133272600360215 ], [ -6237467.937114795669913, -3171988.133272600360215 ], [ -6237399.969026637263596, -3171948.300823448225856 ], [ -6237378.387388409115374, -3171936.96057823812589 ], [ -6237354.385365444235504, -3171922.104950584471226 ], [ -6237337.30712310783565, -3171912.392902220133692 ], [ -6237327.631422434933484, -3171906.495007141958922 ], [ -6237320.731579655781388, -3171902.002197731751949 ], [ -6237304.768226656131446, -3171891.63662606338039 ], [ -6237304.768226656131446, -3171891.63662606338039 ], [ -6237299.062834776006639, -3171883.914952878374606 ], [ -6237248.216338763944805, -3171888.584342672023922 ], [ -6237241.045928473584354, -3171874.31890691164881 ], [ -6237233.875532546080649, -3171860.053482297807932 ], [ -6237230.819319883361459, -3171846.374624313320965 ], [ -6237219.546764066442847, -3171821.261785244569182 ], [ -6237210.20158557407558, -3171803.019797171931714 ], [ -6237203.168312330730259, -3171792.850833200849593 ], [ -6237202.067055239342153, -3171781.031373223755509 ], [ -6237202.180486924946308, -3171766.393174760043621 ], [ -6237200.377229399047792, -3171744.963475985452533 ], [ -6237195.970872054807842, -3171723.999882078263909 ], [ -6237193.14952892716974, -3171706.159805780742317 ], [ -6237188.683962715789676, -3171684.126727629918605 ], [ -6237183.710062069818377, -3171663.79795826273039 ], [ -6237177.261418676935136, -3171650.805424713063985 ], [ -6237165.822079161182046, -3171612.398902370594442 ], [ -6237159.069909527897835, -3171576.14470847370103 ], [ -6237153.977209039963782, -3171552.27988254558295 ], [ -6237144.016685989685357, -3171530.707403337117285 ], [ -6237125.832437165081501, -3171481.274896271992475 ], [ -6237113.033735729753971, -3171435.357772897463292 ], [ -6237109.829689276404679, -3171421.904401828534901 ], [ -6237107.339594837278128, -3171416.511322642676532 ], [ -6237104.540210076607764, -3171414.724590917583555 ], [ -6237102.594610765576363, -3171402.96670138835907 ], [ -6237103.952705047093332, -3171391.811665708199143 ], [ -6237102.614352357573807, -3171372.852346369065344 ], [ -6237102.676237559877336, -3171369.951117411721498 ], [ -6237102.738122718408704, -3171367.049889048561454 ], [ -6237102.283028308302164, -3171361.887721897102892 ], [ -6237101.827934181317687, -3171356.725556626915932 ], [ -6237099.648266487754881, -3171351.9345080293715 ], [ -6237097.46860025729984, -3171347.143460764549673 ], [ -6237096.028599171899259, -3171342.742844474501908 ], [ -6237095.391421750187874, -3171338.569119938183576 ], [ -6237094.754244674928486, -3171334.395396619103849 ], [ -6237096.666261775419116, -3171324.364713830407709 ], [ -6237096.822228473611176, -3171308.607371733058244 ], [ -6237096.132078629918396, -3171298.20561799919233 ], [ -6237092.765877807512879, -3171255.609733774326742 ], [ -6237092.003119945526123, -3171245.139574218075722 ], [ -6237091.952087630517781, -3171233.583333944436163 ], [ -6237091.901055122725666, -3171222.02710315072909 ], [ -6237086.439630711451173, -3171209.461245066486299 ], [ -6237091.912602228112519, -3171184.265768697950989 ], [ -6237099.932673394680023, -3171165.8099575038068 ], [ -6237100.94591979123652, -3171135.274020013865083 ], [ -6237107.715959181077778, -3171114.036903066560626 ], [ -6237126.425844348035753, -3171086.897751217707992 ], [ -6237148.647333352826536, -3171050.939781704451889 ], [ -6237152.134719821624458, -3171036.543711066711694 ], [ -6237159.878196822479367, -3171016.468843373004347 ], [ -6237166.267965288832784, -3171010.42085454845801 ], [ -6237180.409583114087582, -3170981.758459333330393 ], [ -6237198.786878105252981, -3170942.314631561283022 ], [ -6237214.229634864255786, -3170905.455410777591169 ], [ -6237230.489160447381437, -3170863.376368242781609 ], [ -6237231.29908882919699, -3170848.880321986041963 ], [ -6237237.531163738109171, -3170834.585103186313063 ], [ -6237243.6579744303599, -3170806.27315775398165 ], [ -6237245.021928338333964, -3170794.338076649233699 ], [ -6237242.710180379450321, -3170783.358404027298093 ], [ -6237241.060021657496691, -3170769.770789 ], [ -6237232.640093547292054, -3170739.659597915131599 ], [ -6237215.672415996901691, -3170706.121832845266908 ], [ -6237206.724989183247089, -3170688.436598226893693 ], [ -6237197.889001411385834, -3170658.788218494039029 ], [ -6237190.298358029685915, -3170633.39529026299715 ], [ -6237186.175095309503376, -3170619.601747937500477 ], [ -6237175.874814677983522, -3170595.482849496882409 ], [ -6237154.06212454661727, -3170561.375749122817069 ], [ -6237146.474834240041673, -3170551.633186178747565 ], [ -6237122.87605903390795, -3170520.057364359498024 ], [ -6237116.787419823929667, -3170498.437613348010927 ], [ -6237108.222682697698474, -3170487.058485507965088 ], [ -6237098.150605645962059, -3170470.543212124612182 ], [ -6237088.078552104532719, -3170454.027951442170888 ], [ -6237085.117013619281352, -3170436.901025603525341 ], [ -6237077.074195368215442, -3170413.365662618540227 ], [ -6237061.361531916074455, -3170390.754352399148047 ], [ -6237039.569449596107006, -3170361.319560330826789 ], [ -6237019.216997568495572, -3170329.803387404885143 ], [ -6237012.687723114155233, -3170319.32262843195349 ], [ -6236998.876992791891098, -3170286.54564710566774 ], [ -6236984.300339152105153, -3170261.126721971202642 ], [ -6236984.275673193857074, -3170255.606355790048838 ], [ -6236980.402413675561547, -3170238.540371501352638 ], [ -6236977.642259457148612, -3170231.73163305548951 ], [ -6236975.455648318864405, -3170223.51342150894925 ], [ -6236968.34370103571564, -3170206.207142168655992 ], [ -6236956.745481782592833, -3170187.033174911979586 ], [ -6236950.459353324025869, -3170163.364893359597772 ], [ -6236951.567465803585947, -3170156.869331903755665 ], [ -6236951.861326422542334, -3170146.555327930022031 ], [ -6236953.934069572947919, -3170141.899843731895089 ], [ -6236951.100906425155699, -3170135.803213521838188 ], [ -6236950.56057248916477, -3170122.790490026120096 ], [ -6236964.47126199491322, -3170106.418464596848935 ], [ -6236970.833359513431787, -3170084.059901840984821 ], [ -6236980.737418998032808, -3170076.502205479890108 ], [ -6237011.084812061861157, -3170063.3132568532601 ], [ -6237015.803447294980288, -3170062.784675200469792 ], [ -6237019.577523536980152, -3170056.37792869983241 ], [ -6237035.145589207299054, -3170052.608779184985906 ], [ -6237036.957279094494879, -3170045.338272462133318 ], [ -6237040.791937067173421, -3170041.273515327367932 ], [ -6237050.891486234031618, -3170035.340544519945979 ], [ -6237060.991026950068772, -3170029.407568565569818 ], [ -6237065.692631920799613, -3170031.073296932503581 ], [ -6237074.999458950944245, -3170023.618338993284851 ], [ -6237084.306276097893715, -3170016.16337842354551 ], [ -6237094.748668499290943, -3170011.72055163513869 ], [ -6237103.153545081615448, -3170007.397493863012642 ], [ -6237109.120712807402015, -3170008.371799345593899 ], [ -6237115.826426159590483, -3170005.517245612572879 ], [ -6237120.369054270908237, -3170000.111940056085587 ], [ -6237118.295926590450108, -3169985.956176192499697 ], [ -6237119.989471147768199, -3169976.50162628851831 ], [ -6237127.944859829731286, -3169975.002943195402622 ], [ -6237140.090840222314, -3169977.224661438260227 ], [ -6237155.215151931159198, -3169976.981140091083944 ], [ -6237179.542458516545594, -3169959.435042525175959 ], [ -6237201.835008488968015, -3169941.646763558033854 ], [ -6237212.504969351924956, -3169933.959228681400418 ], [ -6237219.605395449325442, -3169925.169154391624033 ], [ -6237231.419399767182767, -3169916.495149872731417 ], [ -6237238.880281307734549, -3169912.749942356254905 ], [ -6237243.299232088960707, -3169908.036574838217348 ], [ -6237258.803162019699812, -3169895.08173041138798 ], [ -6237270.675014747306705, -3169885.655651480425149 ], [ -6237286.965654509142041, -3169871.898468710016459 ], [ -6237290.942382424138486, -3169866.90725596062839 ], [ -6237299.440263707190752, -3169859.270573117304593 ], [ -6237302.38919251319021, -3169851.873283413238823 ], [ -6237305.156127370893955, -3169830.18815313372761 ], [ -6237316.820410075597465, -3169821.942796651739627 ], [ -6237342.519767332822084, -3169809.073945639654994 ], [ -6237355.091364414431155, -3169802.514773814938962 ], [ -6237372.910063819028437, -3169789.928641471080482 ], [ -6237385.802994017489254, -3169777.021220916416496 ], [ -6237397.477489222772419, -3169768.17074294667691 ], [ -6237409.15196973271668, -3169759.320260223466903 ], [ -6237417.208270872943103, -3169744.746205628849566 ], [ -6237429.94834004715085, -3169725.401396008208394 ], [ -6237442.927424162626266, -3169701.330305227078497 ], [ -6237447.727608150802553, -3169681.493694192264229 ], [ -6237456.178781503811479, -3169669.68275196896866 ], [ -6237464.118438145145774, -3169652.661719248630106 ], [ -6237470.298161537386477, -3169636.356643503997475 ], [ -6237483.807480616495013, -3169616.452369083184749 ], [ -6237492.838514185510576, -3169595.110550210345536 ], [ -6237496.528401774354279, -3169590.8184346226044 ], [ -6237509.762494557537138, -3169561.376637679990381 ], [ -6237523.019676491618156, -3169520.193990194704384 ], [ -6237524.505931836552918, -3169501.112217720597982 ], [ -6237534.12503775395453, -3169457.50337005360052 ], [ -6237541.568974441848695, -3169440.594666573684663 ], [ -6237564.845548358745873, -3169403.019574298057705 ], [ -6237574.49258853495121, -3169392.213495965115726 ], [ -6237592.000149892643094, -3169365.904605404473841 ], [ -6237603.210419746115804, -3169343.516836733557284 ], [ -6237619.597689767368138, -3169316.565843483433127 ], [ -6237621.693463425152004, -3169308.879335982259363 ], [ -6237632.736004468053579, -3169290.720661532133818 ], [ -6237639.536788460798562, -3169274.02199730835855 ], [ -6237643.211289960891008, -3169262.954501947853714 ], [ -6237644.970408073626459, -3169244.938423993531615 ], [ -6237642.036123510450125, -3169232.971113649196923 ], [ -6237641.663218199275434, -3169217.132791313808411 ], [ -6237643.297093929722905, -3169197.848965012468398 ], [ -6237640.817816641181707, -3169180.863166899885982 ], [ -6237641.134164027869701, -3169158.809247084427625 ], [ -6237650.770092506892979, -3169085.216269893571734 ], [ -6237659.397751008160412, -3169043.150468988344073 ], [ -6237659.948052156716585, -3169017.668289854191244 ], [ -6237661.437698249705136, -3168987.245556842535734 ], [ -6237658.968545443378389, -3168970.407135529909283 ], [ -6237663.25891519524157, -3168952.411152686458081 ], [ -6237672.566375035792589, -3168930.144877020269632 ], [ -6237671.496962166391313, -3168914.165739241521806 ], [ -6237674.320574207231402, -3168895.242225136142224 ], [ -6237677.462678370065987, -3168878.7869568830356 ], [ -6237682.374200554564595, -3168861.938306096475571 ], [ -6237682.925945146940649, -3168845.824836958665401 ], [ -6237684.526747409254313, -3168829.357616640627384 ], [ -6237687.339947177097201, -3168811.780102774035186 ], [ -6237686.561043174937367, -3168803.358891248237342 ], [ -6237688.753634853288531, -3168783.095948613248765 ], [ -6237689.332358306273818, -3168753.26297423010692 ], [ -6237692.399589776992798, -3168739.216446355450898 ], [ -6237694.620434741489589, -3168724.043588315136731 ], [ -6237696.206527987495065, -3168700.722173685207963 ], [ -6237699.974174913018942, -3168692.46446064626798 ], [ -6237703.797423883341253, -3168685.283434874843806 ], [ -6237708.47418608982116, -3168678.264423304703087 ], [ -6237710.370005359873176, -3168670.226062428671867 ], [ -6237711.76240133587271, -3168653.05616553267464 ], [ -6237710.52480336651206, -3168636.870923242066056 ], [ -6237709.061078997328877, -3168618.288750994484872 ], [ -6237705.019561518914998, -3168587.832392598967999 ], [ -6237705.094301159493625, -3168569.374249186832458 ], [ -6237709.777604862116277, -3168541.241985969711095 ], [ -6237714.068042765371501, -3168518.829801806248724 ], [ -6237714.328475093469024, -3168507.662769182119519 ], [ -6237714.588906747289002, -3168496.495745388790965 ], [ -6237712.542019850574434, -3168478.880790266674012 ], [ -6237707.410961951129138, -3168470.222297735512257 ], [ -6237701.38687602430582, -3168457.733938928227872 ], [ -6237690.762294410727918, -3168435.629861456342041 ], [ -6237686.298972202464938, -3168425.732448536902666 ], [ -6237683.212981697171926, -3168415.947563567198813 ], [ -6237675.821935093030334, -3168398.358936714008451 ], [ -6237673.029147146269679, -3168387.026836276054382 ], [ -6237679.031732985749841, -3168374.564367393497378 ], [ -6237674.306141588836908, -3168358.557378802448511 ], [ -6237678.577131382189691, -3168351.80446171713993 ], [ -6237683.259478985331953, -3168345.688127889297903 ], [ -6237684.993237333372235, -3168339.695861553773284 ], [ -6237689.912602518685162, -3168332.020555929746479 ], [ -6237689.827891074120998, -3168324.034829779993743 ], [ -6237691.423944111913443, -3168318.392117952462286 ], [ -6237693.715304153040051, -3168313.037580733653158 ], [ -6237696.140003918670118, -3168307.898978897370398 ], [ -6237701.655368468724191, -3168299.527091225143522 ], [ -6237704.54039260931313, -3168295.240347703918815 ], [ -6237705.939763459376991, -3168285.920279215089977 ], [ -6237706.541468184441328, -3168280.835349611006677 ], [ -6237710.759123498573899, -3168272.238473083823919 ], [ -6237715.091065743006766, -3168257.568892232142389 ], [ -6237717.526474439539015, -3168252.498251263983548 ], [ -6237720.811838525347412, -3168242.155295327771455 ], [ -6237728.349164291284978, -3168221.128800536040217 ], [ -6237735.202851376496255, -3168202.588193109259009 ], [ -6237737.488163301721215, -3168198.014047757256776 ], [ -6237738.23879861459136, -3168192.579691897146404 ], [ -6237742.661094232462347, -3168174.936312442645431 ], [ -6237745.812438848428428, -3168158.708139379043132 ], [ -6237752.032071236521006, -3168144.336111915297806 ], [ -6237757.375665869563818, -3168135.612345614470541 ], [ -6237761.215588270686567, -3168130.767564841546118 ], [ -6237765.500921406783164, -3168126.520033212378621 ], [ -6237769.786251936107874, -3168122.272501452360302 ], [ -6237773.604030748829246, -3168118.841314971912652 ], [ -6237780.353806212544441, -3168110.128498573321849 ], [ -6237791.030058776028454, -3168102.860001483000815 ], [ -6237804.277905761264265, -3168080.127978481817991 ], [ -6237809.393481318838894, -3168064.480684089008719 ], [ -6237810.003842199221253, -3168058.264888346195221 ], [ -6237819.17817150708288, -3168044.413559971377254 ], [ -6237824.138739647343755, -3168040.131702648475766 ], [ -6237834.021549075841904, -3168035.085116387810558 ], [ -6237838.891613092273474, -3168032.329410179052502 ], [ -6237851.194240175187588, -3168024.22530002752319 ], [ -6237866.04442386329174, -3168012.544398395344615 ], [ -6237882.331762621179223, -3168007.083872551564127 ], [ -6237899.511167331598699, -3167995.341886002104729 ], [ -6237911.423823929391801, -3167991.125359013676643 ], [ -6237927.625226486474276, -3167977.814966305159032 ], [ -6237966.753646407276392, -3167964.614827033132315 ], [ -6237972.128113951534033, -3167960.630214473698288 ], [ -6237985.046408866532147, -3167954.374335048254579 ], [ -6237993.522652157582343, -3167949.350668055936694 ], [ -6238011.954959039576352, -3167947.299666481558233 ], [ -6238014.383166069164872, -3167943.145134422928095 ], [ -6238019.452481699176133, -3167942.268386108800769 ], [ -6238027.676392139866948, -3167942.264376888051629 ], [ -6238034.931933212094009, -3167940.9069565506652 ], [ -6238039.643521318212152, -3167939.733364140614867 ], [ -6238050.835257337428629, -3167938.553521016146988 ], [ -6238058.032503810711205, -3167935.996777949854732 ], [ -6238065.09878907725215, -3167931.448458424303681 ], [ -6238072.688901021145284, -3167931.937142480164766 ], [ -6238081.437654601410031, -3167928.04654108453542 ], [ -6238087.420341084711254, -3167926.894106654915959 ], [ -6238092.288713008165359, -3167924.347551709506661 ], [ -6238097.157083191908896, -3167921.800995456520468 ], [ -6238104.562063337303698, -3167920.026230582501739 ], [ -6238113.038590351119637, -3167914.100296939723194 ], [ -6238126.19679908733815, -3167908.211147574242204 ], [ -6238133.287206985987723, -3167904.912739007268101 ], [ -6238141.709496971219778, -3167898.112915307283401 ], [ -6238149.664917550049722, -3167887.645045830402523 ], [ -6238153.849030846729875, -3167883.368402936030179 ], [ -6238156.943510869517922, -3167874.480165888089687 ], [ -6238166.060981059446931, -3167867.979790136683732 ], [ -6238169.653230681084096, -3167857.263211540412158 ], [ -6238176.470129729248583, -3167848.5508754956536 ], [ -6238183.287020202726126, -3167839.838541218545288 ], [ -6238186.997299551963806, -3167832.798612230457366 ], [ -6238193.454327165149152, -3167816.732061795890331 ], [ -6238206.652937518432736, -3167800.299312951974571 ], [ -6238210.385548992082477, -3167791.048307429533452 ], [ -6238213.539162022992969, -3167782.539636156056076 ], [ -6238227.041124793700874, -3167764.684216298162937 ], [ -6238234.295844158157706, -3167753.147839386947453 ], [ -6238241.831677205860615, -3167743.095233851112425 ], [ -6238251.666714112274349, -3167725.154878199100494 ], [ -6238260.110189654864371, -3167706.762675947509706 ], [ -6238265.077828700654209, -3167691.250184710137546 ], [ -6238269.53210683260113, -3167678.153530947864056 ], [ -6238272.85745414532721, -3167666.994412757921964 ], [ -6238276.842372719198465, -3167660.804903668817133 ], [ -6238278.244909851811826, -3167652.48047044640407 ], [ -6238278.157687835395336, -3167644.777850126381963 ], [ -6238277.780463837087154, -3167639.685540021862835 ], [ -6238279.082673894241452, -3167634.176468517631292 ], [ -6238284.391781673766673, -3167621.075667241122574 ], [ -6238284.712615963071585, -3167615.909603796433657 ], [ -6238284.407218446023762, -3167610.252374169416726 ], [ -6238288.159348892979324, -3167587.458421607036144 ], [ -6238288.350224272347987, -3167572.825144560076296 ], [ -6238283.69005926977843, -3167537.943922747392207 ], [ -6238277.067852982319891, -3167521.27874319255352 ], [ -6238270.729769117198884, -3167495.432354981545359 ], [ -6238260.292584399692714, -3167471.601301306858659 ], [ -6238249.132585559040308, -3167431.999113720841706 ], [ -6238247.268532577902079, -3167418.345322868321091 ], [ -6238248.55236585251987, -3167407.893917950801551 ], [ -6238245.847409505397081, -3167393.871730487328023 ], [ -6238246.576206658966839, -3167372.174361758399755 ], [ -6238244.32722828630358, -3167361.774790092371404 ], [ -6238245.808314302004874, -3167334.394616562407464 ], [ -6238245.943530278280377, -3167297.673749833833426 ], [ -6238253.631422258913517, -3167285.360741796437651 ], [ -6238252.238499616272748, -3167274.820843654684722 ], [ -6238254.445222361013293, -3167252.569633364211768 ], [ -6238260.218075376003981, -3167233.252600923646241 ], [ -6238261.862034714780748, -3167221.311277932487428 ], [ -6238261.408247812651098, -3167215.935792436357588 ], [ -6238266.735660274513066, -3167200.426623371429741 ], [ -6238267.536290435120463, -3167195.773353042080998 ], [ -6238279.615861274302006, -3167165.998823095113039 ], [ -6238283.953972587361932, -3167155.537324351724237 ], [ -6238291.277973749674857, -3167143.71921078581363 ], [ -6238298.590680412948132, -3167126.031467594671994 ], [ -6238304.169792419299483, -3167123.17947183502838 ], [ -6238314.653460182249546, -3167113.014377159997821 ], [ -6238329.145229112356901, -3167092.871560291852802 ], [ -6238345.146651669405401, -3167069.494671514257789 ], [ -6238353.660669198259711, -3167059.450052784290165 ], [ -6238361.063820658251643, -3167047.564737212378532 ], [ -6238380.262630231678486, -3167028.985128383152187 ], [ -6238387.136173497885466, -3167021.619428295176476 ], [ -6238389.422714784741402, -3167016.830683129839599 ], [ -6238394.009796045720577, -3167014.242419843096286 ], [ -6238401.280586471781135, -3167002.005509248003364 ], [ -6238415.009227870963514, -3166990.412284389603883 ], [ -6238428.73784657381475, -3166978.819054749794304 ], [ -6238435.65832735132426, -3166974.134003261569887 ], [ -6238447.098715995438397, -3166968.285118601284921 ], [ -6238459.016303284093738, -3166963.288106430321932 ], [ -6238466.170990862883627, -3166955.92457309551537 ], [ -6238481.198131015524268, -3166948.836761512327939 ], [ -6238501.707746687345207, -3166933.863559728953987 ], [ -6238541.888523477129638, -3166919.404197220690548 ], [ -6238546.209811550565064, -3166916.25969730457291 ], [ -6238561.174822174012661, -3166908.45885929139331 ], [ -6238568.709511497989297, -3166905.825465276837349 ], [ -6238582.986756941303611, -3166896.752671755384654 ], [ -6238595.381901822984219, -3166894.021083583589643 ], [ -6238611.856628137640655, -3166881.493323636241257 ], [ -6238627.861209006048739, -3166856.87246250687167 ], [ -6238631.421983026899397, -3166846.512513432651758 ], [ -6238634.982751563191414, -3166836.152570895384997 ], [ -6238635.713034838438034, -3166832.590182440821081 ], [ -6238636.443317715078592, -3166829.027794833760709 ], [ -6238639.39532564021647, -3166819.573548240121454 ], [ -6238635.78434007242322, -3166813.676260515581816 ], [ -6238630.056865547783673, -3166800.626606639940292 ], [ -6238622.323698487132788, -3166799.797904362436384 ], [ -6238613.265961167402565, -3166798.597082995343953 ], [ -6238597.941943930462003, -3166798.190407766960561 ], [ -6238593.087611018680036, -3166798.226440249476582 ], [ -6238585.196830486878753, -3166800.359479813370854 ], [ -6238577.083166054449975, -3166803.689557069912553 ], [ -6238569.466078266501427, -3166806.808592244051397 ], [ -6238562.917157628573477, -3166808.522236773744226 ], [ -6238555.320027407258749, -3166817.86142056202516 ], [ -6238544.682334346696734, -3166821.737443703226745 ], [ -6238530.315970920957625, -3166824.81563720991835 ], [ -6238517.914695938117802, -3166828.355708116199821 ], [ -6238505.513414957560599, -3166831.895768590271473 ], [ -6238491.144353030249476, -3166835.324484662618488 ], [ -6238480.795016755349934, -3166836.793850503861904 ], [ -6238471.330252676270902, -3166838.066481856163591 ], [ -6238461.865487052127719, -3166839.339106788858771 ], [ -6238447.501338697969913, -3166842.123197347857058 ], [ -6238438.970984870567918, -3166844.036341201048344 ], [ -6238431.071505504660308, -3166847.300142972264439 ], [ -6238425.130843797698617, -3166851.845709419343621 ], [ -6238409.356269374489784, -3166855.184312030207366 ], [ -6238399.162836652249098, -3166855.388202114962041 ], [ -6238386.536764396354556, -3166851.547219975385815 ], [ -6238377.454088884405792, -3166853.603072891011834 ], [ -6238371.705784210935235, -3166850.652158167678863 ], [ -6238353.504364772699773, -3166850.658348651137203 ], [ -6238336.188289065845311, -3166852.57129895593971 ], [ -6238328.24779040645808, -3166852.374134771991521 ], [ -6238315.151075230911374, -3166854.172696163412184 ], [ -6238306.435546349734068, -3166853.822501573245972 ], [ -6238293.53365858271718, -3166849.278134963940829 ], [ -6238273.889827098697424, -3166848.877233932726085 ], [ -6238258.034619990736246, -3166848.788375416770577 ], [ -6238244.663513792678714, -3166851.161509222351015 ], [ -6238232.572676106356084, -3166859.685401097871363 ], [ -6238227.607804960571229, -3166864.600336194969714 ], [ -6238222.463860071264207, -3166866.460418608505279 ], [ -6238215.962772840633988, -3166870.73013856401667 ], [ -6238199.408993837423623, -3166865.648473256267607 ], [ -6238192.633503350429237, -3166860.22413324424997 ], [ -6238187.537162199616432, -3166855.875862670131028 ], [ -6238182.345867411233485, -3166853.641660633962601 ], [ -6238157.595365803688765, -3166849.995598560199142 ], [ -6238134.56789480522275, -3166849.527968867681921 ], [ -6238123.211440481245518, -3166845.900157333817333 ], [ -6238113.823533214628696, -3166840.817420200444758 ], [ -6238106.938856398686767, -3166840.831881077960134 ], [ -6238094.864467560313642, -3166838.408554780296981 ], [ -6238074.682666161097586, -3166829.691009464208037 ], [ -6238044.641431024298072, -3166823.102205838542432 ], [ -6238012.989981918595731, -3166821.19121093256399 ], [ -6238003.483917961828411, -3166816.777629406191409 ], [ -6237975.55922161322087, -3166809.978931998834014 ], [ -6237968.033305218443274, -3166809.999653634149581 ], [ -6237955.492362352088094, -3166803.885830010287464 ], [ -6237943.413689876906574, -3166802.027799195609987 ], [ -6237911.906554645858705, -3166785.66761465696618 ], [ -6237883.014466223306954, -3166774.552722626831383 ], [ -6237865.017434641718864, -3166767.629164104349911 ], [ -6237845.31532078795135, -3166758.788671592716128 ], [ -6237822.990266157314181, -3166747.133525759913027 ], [ -6237813.690999201498926, -3166742.278683870099485 ], [ -6237752.296783008612692, -3166695.797784259077162 ], [ -6237701.916351435706019, -3166663.49260711343959 ], [ -6237625.257712244987488, -3166553.81343704694882 ], [ -6237579.329185172915459, -3166479.436005308292806 ], [ -6237552.865756298415363, -3166393.523361407220364 ], [ -6237529.826753458939493, -3166366.073653424624354 ], [ -6237514.417377213016152, -3166354.266335266176611 ], [ -6237506.787840801291168, -3166338.623961938079447 ], [ -6237491.378514422103763, -3166326.816642510704696 ], [ -6237426.137317350134254, -3166244.497911235317588 ], [ -6237366.483417789451778, -3166191.44053379399702 ], [ -6237310.644573816098273, -3166146.20423581590876 ], [ -6237287.576337367296219, -3166122.650051182601601 ], [ -6237268.292625055648386, -3166110.812399615067989 ], [ -6237214.105534376576543, -3166102.59752272348851 ], [ -6237163.733019147999585, -3166102.203577576670796 ], [ -6237140.423855602741241, -3166109.812525239307433 ], [ -6237074.552086080424488, -3166109.296976640354842 ], [ -6237055.268580085597932, -3166097.459044677205384 ], [ -6236985.673077743500471, -3166077.435690662357956 ], [ -6236974.380907271057367, -3166034.495210259221494 ], [ -6236955.33925099670887, -3165991.49412097223103 ], [ -6236928.336682001128793, -3165975.700002578087151 ], [ -6236893.463745453394949, -3165975.42658125795424 ], [ -6236815.820502215065062, -3165981.753538595978171 ], [ -6236808.158309006132185, -3165982.548600770067424 ], [ -6236753.97203750628978, -3165974.332015881314874 ], [ -6236692.399666260927916, -3165919.309960780199617 ], [ -6236650.019719612784684, -3165887.812214330770075 ], [ -6236600.132935006171465, -3165825.090792758390307 ], [ -6236550.12532501667738, -3165777.950748625211418 ], [ -6236515.677501895464957, -3165723.142045299522579 ], [ -6236492.611323957331479, -3165699.587299409322441 ], [ -6236450.517498879693449, -3165698.720681972336024 ], [ -6236465.609858862124383, -3165683.792635280173272 ], [ -6236454.380270296707749, -3165633.062428309582174 ], [ -6236439.094019246287644, -3165605.673487667459995 ], [ -6236423.716772073879838, -3165589.970374491531402 ], [ -6236412.578463964164257, -3165527.554729313123971 ], [ -6236424.627291434444487, -3165473.112904003821313 ], [ -6236452.295831494033337, -3165403.212431370746344 ], [ -6236452.447538238018751, -3165383.736376095563173 ], [ -6236518.740290390327573, -3165329.721937290858477 ], [ -6236592.63017294742167, -3165295.244213081896305 ], [ -6236670.27315319981426, -3165276.377323522698134 ], [ -6236767.379541576839983, -3165245.976568945683539 ], [ -6236860.701641665771604, -3165203.859304645098746 ], [ -6236969.793126280419528, -3165126.806618251372129 ], [ -6237039.866698894649744, -3165084.506311634555459 ], [ -6237071.28521350491792, -3165030.217206737492234 ], [ -6237083.331003307364881, -3164975.776637165807188 ], [ -6237091.803793222643435, -3164882.355123548768461 ], [ -6237076.607533828355372, -3164843.283130162861198 ], [ -6237065.346133352257311, -3164796.451447817496955 ], [ -6237050.059532090090215, -3164769.064797523897141 ], [ -6237019.245094269514084, -3164745.451884391717613 ], [ -6237000.084215453825891, -3164718.03494589170441 ], [ -6236973.02363508939743, -3164710.032465666066855 ], [ -6236962.262122727930546, -3164709.069499347358942 ], [ -6236943.313156356103718, -3164713.014309073798358 ], [ -6236913.836018820293248, -3164725.718957981094718 ], [ -6236897.085838917642832, -3164727.498614659532905 ], [ -6236871.292379320599139, -3164736.55715488968417 ], [ -6236846.040158675052226, -3164746.886326181236655 ], [ -6236817.18997991643846, -3164751.250842649955302 ], [ -6236806.390723914839327, -3164757.249508584849536 ], [ -6236795.994515283033252, -3164764.936136244796216 ], [ -6236788.638463542796671, -3164770.746968552004546 ], [ -6236775.027538789436221, -3164776.712247267365456 ], [ -6236765.773464285768569, -3164782.157646029256284 ], [ -6236730.679497129283845, -3164792.477234359830618 ], [ -6236717.937786050140858, -3164795.136208252049983 ], [ -6236707.135204644873738, -3164801.553163008298725 ], [ -6236693.099909706041217, -3164812.185018469579518 ], [ -6236690.663013264536858, -3164813.861997735220939 ], [ -6236684.349608086980879, -3164820.099358137696981 ], [ -6236671.997371308505535, -3164827.634870895184577 ], [ -6236658.092165078036487, -3164833.823893889319152 ], [ -6236643.825979380868375, -3164843.040473111905158 ], [ -6236625.142669129185379, -3164859.074668955057859 ], [ -6236619.725749783217907, -3164859.948004076723009 ], [ -6236596.664368445053697, -3164869.095424090512097 ], [ -6236589.218559428118169, -3164886.427835766226053 ], [ -6236578.452546196058393, -3164896.802647966425866 ], [ -6236566.808497028425336, -3164902.93023205222562 ], [ -6236536.562763970345259, -3164923.249468159861863 ], [ -6236527.200059150345623, -3164930.611080393660814 ], [ -6236506.015875418670475, -3164946.121804232243448 ], [ -6236499.355870719999075, -3164952.073719415348023 ], [ -6236479.041687965393066, -3164979.61742805223912 ], [ -6236447.733945625834167, -3165000.504903642460704 ], [ -6236433.650083593092859, -3165012.267015501856804 ], [ -6236424.147646361961961, -3165023.567660678178072 ], [ -6236413.463159934617579, -3165032.111246403306723 ], [ -6236404.65686899702996, -3165043.564374496694654 ], [ -6236393.201898633502424, -3165061.487234745174646 ], [ -6236378.024301126599312, -3165077.910788016393781 ], [ -6236369.820294761098921, -3165092.89666822552681 ], [ -6236369.267833547666669, -3165101.723612809088081 ], [ -6236364.149912637658417, -3165098.856373379938304 ], [ -6236360.652045463211834, -3165106.043117218650877 ], [ -6236350.997298367321491, -3165120.142048471141607 ], [ -6236345.156031120568514, -3165128.672103294637054 ], [ -6236331.107960815541446, -3165144.471348617225885 ], [ -6236301.432850807905197, -3165172.998657160904258 ], [ -6236281.806169375777245, -3165192.344133905600756 ], [ -6236267.032849464565516, -3165203.049170708283782 ], [ -6236257.38393203355372, -3165214.348693125415593 ], [ -6236255.488868021406233, -3165222.249189432244748 ], [ -6236236.175667219795287, -3165229.514768011868 ], [ -6236216.80265530757606, -3165242.999135482124984 ], [ -6236200.522734897211194, -3165257.932677221018821 ], [ -6236182.914416215382516, -3165271.56664059124887 ], [ -6235920.741032755002379, -3165463.35755305737257 ], [ -6235598.122597656212747, -3165928.890814882703125 ], [ -6235463.745119167491794, -3166022.248669348657131 ], [ -6235427.296913747675717, -3166123.196104279719293 ], [ -6235385.26918953936547, -3166161.477444707881659 ], [ -6235310.328364400193095, -3166167.648684314917773 ], [ -6235195.031395471654832, -3166193.06270831823349 ], [ -6235105.216041603125632, -3166236.284515914972872 ], [ -6234953.157695579342544, -3166267.602502447552979 ], [ -6234835.47651825658977, -3166311.263709023594856 ], [ -6234768.737832481972873, -3166376.60308616515249 ], [ -6234710.069320095703006, -3166385.141181845217943 ], [ -6234667.934925789944828, -3166489.765917506534606 ], [ -6234531.740743014961481, -3166797.990958875976503 ] ] ] ] } },
{ "type": "Feature", "properties": { "Layer": "limite seccion", "Text": "006", "UT": "UTE" }, "geometry": { "type": "MultiPolygon", "coordinates": [ [ [ [ -6220812.218568825162947, -3178303.075664517004043 ], [ -6220853.914801870472729, -3178266.86747128656134 ], [ -6220887.953791804611683, -3178224.342837577685714 ], [ -6220900.604203578084707, -3178209.348929190542549 ], [ -6220943.078638277947903, -3178157.169265904463828 ], [ -6221115.354340386576951, -3177944.95538586890325 ], [ -6221320.605944137088954, -3177706.071683001238853 ], [ -6221569.500903743319213, -3177414.633538876660168 ], [ -6221716.686743039637804, -3177223.547181725502014 ], [ -6220551.990655012428761, -3176209.25268820207566 ], [ -6220233.970260377041996, -3175934.880306854844093 ], [ -6219791.246658698655665, -3176413.507259619422257 ], [ -6219731.476826340891421, -3176477.962527607101947 ], [ -6219501.938927567563951, -3176725.488800439983606 ], [ -6219281.052294026128948, -3176963.6777319367975 ], [ -6219355.488643891178071, -3177058.912834154907614 ], [ -6219448.124633031897247, -3177138.536647778470069 ], [ -6219469.084228813648224, -3177154.059217888396233 ], [ -6219518.429976465180516, -3177239.25330904033035 ], [ -6219583.30228288564831, -3177279.427631746046245 ], [ -6219646.366435178555548, -3177343.940059402026236 ], [ -6219693.16569765843451, -3177359.349057930056006 ], [ -6219719.527174484916031, -3177408.544524191413075 ], [ -6219774.868110868148506, -3177433.40537555096671 ], [ -6219805.302792609669268, -3177480.21250812895596 ], [ -6219866.397337001748383, -3177499.432894093450159 ], [ -6220097.813390747644007, -3177503.191274164710194 ], [ -6220196.825507804751396, -3177587.795087174512446 ], [ -6220216.420042225159705, -3177565.082363529596478 ], [ -6220498.886600772850215, -3177810.324594412464648 ], [ -6220386.174919358454645, -3177929.253958440385759 ], [ -6220812.218568825162947, -3178303.075664517004043 ] ] ] ] } },
{ "type": "Feature", "properties": { "Layer": "limite seccion", "Text": "027", "UT": "UTO" }, "geometry": { "type": "MultiPolygon", "coordinates": [ [ [ [ -6233397.199042115360498, -3176323.053755123633891 ], [ -6233600.567601616494358, -3176292.872992696706206 ], [ -6234017.756612782366574, -3175939.280121339485049 ], [ -6234615.475939948111773, -3174637.828775668051094 ], [ -6234795.329114988446236, -3174246.39021527627483 ], [ -6234711.233401214703918, -3173757.422774254810065 ], [ -6234396.374387173913419, -3173796.321391313802451 ], [ -6234249.941429155878723, -3172480.507755362428725 ], [ -6232216.115761782974005, -3172360.401735941879451 ], [ -6232197.457966983318329, -3172344.639259671792388 ], [ -6231796.67222217656672, -3172154.311155018396676 ], [ -6231780.434357538819313, -3172157.383183462079614 ], [ -6231776.045745472423732, -3172167.915852412581444 ], [ -6231690.02894900739193, -3172759.500758714508265 ], [ -6231578.11934136133641, -3173487.571500219870359 ], [ -6231526.553149602375925, -3173826.811212811619043 ], [ -6231474.383523684926331, -3174173.785854164045304 ], [ -6231509.492420199327171, -3174206.37129874387756 ], [ -6231488.975658798590302, -3174294.692116543184966 ], [ -6231456.061068314127624, -3174290.961796287912875 ], [ -6231380.138079598546028, -3174695.811259242706001 ], [ -6231580.530058068223298, -3174857.24196011107415 ], [ -6232297.828938210383058, -3175434.97015441255644 ], [ -6233397.199042115360498, -3176323.053755123633891 ] ] ] ] } },
{ "type": "Feature", "properties": { "Layer": "limite seccion", "Text": "023", "UT": "UTS" }, "geometry": { "type": "MultiPolygon", "coordinates": [ [ [ [ -6230623.760961341671646, -3180246.773319872096181 ], [ -6230407.559395969845355, -3180101.603867265861481 ], [ -6230130.102000351063907, -3179913.697691498324275 ], [ -6229802.461811280809343, -3179702.872847344726324 ], [ -6229045.820710245519876, -3179187.147733953315765 ], [ -6228830.351130257360637, -3179042.434675025753677 ], [ -6228445.615008565597236, -3178784.02738903881982 ], [ -6228343.141694002784789, -3178715.198804868850857 ], [ -6228275.186293224804103, -3178723.638247618451715 ], [ -6227922.036931580863893, -3178767.4142588339746 ], [ -6227602.069455084390938, -3178805.524068697821349 ], [ -6227463.621640915051103, -3178823.922128507401794 ], [ -6227424.801966321654618, -3178828.762949774973094 ], [ -6227426.177214782685041, -3178840.124483466614038 ], [ -6227446.487016969360411, -3179007.378778299782425 ], [ -6227469.899813092313707, -3179200.184796495363116 ], [ -6227487.373058033175766, -3179344.076867058407515 ], [ -6227492.261850423179567, -3179393.577538057696074 ], [ -6227493.534845199435949, -3179404.433596584480256 ], [ -6227605.774142263457179, -3179390.088977802544832 ], [ -6227669.632140126079321, -3179956.476387159898877 ], [ -6227681.284804947674274, -3179955.031628965400159 ], [ -6227684.04727070312947, -3179977.5492676300928 ], [ -6227726.966449415311217, -3180296.372347282245755 ], [ -6227750.266908552497625, -3180469.456279041711241 ], [ -6227767.147363926284015, -3180514.644182297866791 ], [ -6227848.148910268209875, -3180505.081684551201761 ], [ -6227903.549343654885888, -3180507.177955085411668 ], [ -6227965.838247060775757, -3180525.8182861241512 ], [ -6228026.430298122577369, -3180548.98394209658727 ], [ -6228103.265187945216894, -3180585.386859475169331 ], [ -6228235.085549538955092, -3180618.776177005842328 ], [ -6228269.329650949686766, -3180661.8904440831393 ], [ -6228337.842571906745434, -3180721.332858320791274 ], [ -6228390.273329286836088, -3180768.13196214614436 ], [ -6228458.330462440848351, -3180837.612106528598815 ], [ -6228580.640228669159114, -3180944.757895493879914 ], [ -6228654.882138414308429, -3181002.158995853271335 ], [ -6228739.80377041734755, -3181064.083099742885679 ], [ -6228853.280522612854838, -3181136.116248661652207 ], [ -6228955.515160124748945, -3181188.548644090536982 ], [ -6229055.527818377129734, -3181232.671434263698757 ], [ -6229124.729636762291193, -3181245.397022321820259 ], [ -6229175.128324739634991, -3181269.711980909574777 ], [ -6229244.709501345641911, -3181311.146397453732789 ], [ -6229340.451992461457849, -3181375.378915329929441 ], [ -6229472.886304211802781, -3181511.893560722470284 ], [ -6229591.011048946529627, -3181636.93285201722756 ], [ -6229650.87472805287689, -3181656.207572976592928 ], [ -6229663.809611667878926, -3181668.397474206518382 ], [ -6229682.392388637177646, -3181688.245342076290399 ], [ -6229703.231280459091067, -3181710.502856274601072 ], [ -6229715.269939225167036, -3181723.564213427715003 ], [ -6229742.631981153972447, -3181738.861147321760654 ], [ -6229765.629414716735482, -3181756.525854106992483 ], [ -6229728.818078488111496, -3181762.543032493907958 ], [ -6229746.990571786649525, -3181787.531854257918894 ], [ -6229831.432229233905673, -3181851.578038214705884 ], [ -6229909.532495453953743, -3181909.145312518812716 ], [ -6229862.655255295336246, -3181942.716131578665227 ], [ -6230055.532946918159723, -3182042.552818930242211 ], [ -6230266.272064792923629, -3182148.631982783786952 ], [ -6230415.205605888739228, -3182255.9777248846367 ], [ -6230559.051709340885282, -3182354.256208121776581 ], [ -6230609.832840630784631, -3182371.935774410609156 ], [ -6230613.144327463582158, -3182098.520892980508506 ], [ -6230618.369465387426317, -3181577.733330345712602 ], [ -6230622.964847842231393, -3180701.734244093764573 ], [ -6230623.379090754315257, -3180404.729299007449299 ], [ -6230623.760961341671646, -3180246.773319872096181 ] ] ] ] } },
{ "type": "Feature", "properties": { "Layer": "limite seccion", "Text": "022", "UT": "UTS" }, "geometry": { "type": "MultiPolygon", "coordinates": [ [ [ [ -6230623.760961341671646, -3180246.773319872096181 ], [ -6230690.482246310450137, -3180286.436763516161591 ], [ -6230694.634051319211721, -3179998.412826124113053 ], [ -6230696.717186688445508, -3179847.296311867889017 ], [ -6230687.057866864837706, -3179811.572042184416205 ], [ -6230685.775607235729694, -3179760.134338094387203 ], [ -6230682.17996982857585, -3179735.791506825946271 ], [ -6230687.797477702610195, -3179716.292682319413871 ], [ -6230683.6821533953771, -3179697.427905281540006 ], [ -6230679.287232780829072, -3179696.94536603661254 ], [ -6230677.777631726115942, -3179690.27729232981801 ], [ -6230675.153025951236486, -3179655.431596550159156 ], [ -6230674.260445260442793, -3179619.405349291861057 ], [ -6230672.918468796648085, -3179619.34979055589065 ], [ -6230675.379187004640698, -3179559.280373914167285 ], [ -6230670.185299245640635, -3179501.68298101471737 ], [ -6230667.755408895201981, -3179439.660825122147799 ], [ -6230657.614570301026106, -3179285.603448747191578 ], [ -6230526.499861541204154, -3179401.398936736397445 ], [ -6230500.606475385837257, -3179297.797005988191813 ], [ -6230479.82202142290771, -3179249.712367385160178 ], [ -6230447.402329191565514, -3179263.57119452022016 ], [ -6230442.013088691979647, -3179252.994343693368137 ], [ -6230400.385901322588325, -3179213.250466596335173 ], [ -6230368.88305330183357, -3179166.335638564545661 ], [ -6230330.937818905338645, -3179123.984200946986675 ], [ -6230311.547462021000683, -3179072.520639642607421 ], [ -6230260.202574379742146, -3179061.791647947393358 ], [ -6230235.054494357667863, -3179028.110943796113133 ], [ -6230199.615571200847626, -3178981.835943919606507 ], [ -6230178.138597512617707, -3178929.521955850999802 ], [ -6230151.998198395594954, -3178879.198183187749237 ], [ -6230124.125176816247404, -3178811.029799107927829 ], [ -6230096.140595447272062, -3178696.033618472050875 ], [ -6230070.890593630261719, -3178592.273797803558409 ], [ -6230054.347757163457572, -3178524.293934813700616 ], [ -6230039.029427154920995, -3178461.345687408000231 ], [ -6230033.991631768643856, -3178443.620715289842337 ], [ -6230019.174327843822539, -3178391.487406647298485 ], [ -6229979.579771242104471, -3178252.176699680741876 ], [ -6229944.88066690415144, -3178130.089184652082622 ], [ -6229957.966383536346257, -3178062.300125635694712 ], [ -6229958.7732720579952, -3177902.319231650792062 ], [ -6229951.959307028912008, -3177752.390209231059998 ], [ -6229909.635715750046074, -3177639.885442796163261 ], [ -6229910.785280713811517, -3177489.55792038468644 ], [ -6229908.186343085020781, -3177461.924990298226476 ], [ -6229879.064516328275204, -3177392.127798573579639 ], [ -6229864.691484245471656, -3177366.887431727722287 ], [ -6229850.078342597931623, -3177329.510322840884328 ], [ -6229852.115995340980589, -3177277.366960900835693 ], [ -6229857.826626283116639, -3177254.737474346999079 ], [ -6229859.571394819766283, -3177247.032112377695739 ], [ -6229883.404714426957071, -3177214.789901819545776 ], [ -6229864.684230973944068, -3177209.437506171874702 ], [ -6229855.295028699561954, -3177187.728130027651787 ], [ -6229871.472885861061513, -3177083.075388664845377 ], [ -6229908.213552325032651, -3176881.276297577656806 ], [ -6229922.042750727385283, -3176847.363760671578348 ], [ -6229896.223608883097768, -3176786.938279475551099 ], [ -6229898.636054553091526, -3176739.529261816758662 ], [ -6229920.851895189844072, -3176682.259931337088346 ], [ -6229926.970218039117754, -3176669.972055592574179 ], [ -6229908.598235981538892, -3176615.180038164369762 ], [ -6229894.831179947592318, -3176608.665521868504584 ], [ -6229744.517231658101082, -3176653.281105482019484 ], [ -6229374.057325474917889, -3176760.459406212437898 ], [ -6229348.632528238929808, -3176767.814692131243646 ], [ -6229232.257175059057772, -3176801.480932656675577 ], [ -6228950.429364164359868, -3176883.006479933392256 ], [ -6228772.410711493343115, -3176934.499453846830875 ], [ -6228621.718732506968081, -3176978.086055150255561 ], [ -6228481.541911805048585, -3177018.629601580556482 ], [ -6228271.18724032305181, -3177080.619824729394168 ], [ -6228246.005832494236529, -3177088.040393936447799 ], [ -6227801.662537511438131, -3177492.303457641974092 ], [ -6227550.801531809382141, -3177720.723675237968564 ], [ -6227493.624448517337441, -3177772.82114147907123 ], [ -6227638.265341066755354, -3177925.205362586304545 ], [ -6227794.252514177002013, -3178100.035481160040945 ], [ -6228041.132649808190763, -3178374.574795777443796 ], [ -6228255.41214610170573, -3178616.879788918420672 ], [ -6228320.282104259356856, -3178689.563459834549576 ], [ -6228337.847896075807512, -3178709.266049177851528 ], [ -6228343.141694002784789, -3178715.198804868850857 ], [ -6230623.760961341671646, -3180246.773319872096181 ] ] ] ] } },
{ "type": "Feature", "properties": { "Layer": "limite seccion", "Text": "013", "UT": "UTS" }, "geometry": { "type": "MultiPolygon", "coordinates": [ [ [ [ -6230608.81269261892885, -3182456.161063119769096 ], [ -6230584.331447498872876, -3182465.363438092637807 ], [ -6230461.391522363759577, -3182511.464657850097865 ], [ -6230340.871054691262543, -3182564.174947245046496 ], [ -6230340.416442845016718, -3182689.700047682505101 ], [ -6230339.633945782668889, -3182905.73393198242411 ], [ -6230338.961143120191991, -3183091.457603618036956 ], [ -6230338.396518091671169, -3183247.301222185604274 ], [ -6230091.779936434701085, -3183261.067005186341703 ], [ -6230090.305651357397437, -3183503.408783081453294 ], [ -6230336.269899416714907, -3183493.746054450049996 ], [ -6230335.547323448583484, -3183743.296437881886959 ], [ -6230581.411313644610345, -3183724.750255443155766 ], [ -6230587.509860322810709, -3183724.455062206368893 ], [ -6230608.348033465445042, -3183724.461874066852033 ], [ -6230608.426906225271523, -3183479.842126163188368 ], [ -6230608.484343786723912, -3183301.441659726668149 ], [ -6230608.653731045313179, -3182774.037904436234385 ], [ -6230608.719686767086387, -3182568.154396945144981 ], [ -6230608.81269261892885, -3182456.161063119769096 ] ] ] ] } },
{ "type": "Feature", "properties": { "Layer": "limite seccion", "Text": "026", "UT": "UTO" }, "geometry": { "type": "MultiPolygon", "coordinates": [ [ [ [ -6238503.611998619511724, -3175567.170965035911649 ], [ -6238456.35016206279397, -3175626.551692989189178 ], [ -6238380.736261994577944, -3175676.474081311840564 ], [ -6238233.626766112633049, -3175704.911504831165075 ], [ -6238093.533443708904088, -3175731.99112339457497 ], [ -6237368.472514757886529, -3175833.792205627541989 ], [ -6236332.782192696817219, -3175983.010144511237741 ], [ -6236040.26274739485234, -3176020.17613333510235 ], [ -6235252.835843845270574, -3176140.795816134195775 ], [ -6235011.395332005806267, -3176167.005034170113504 ], [ -6234228.698035042732954, -3176259.890731850173324 ], [ -6233500.208874423056841, -3176346.302670333534479 ], [ -6233360.242968645878136, -3176363.057295157108456 ], [ -6233026.226443275809288, -3176403.886125264689326 ], [ -6231258.686457107774913, -3176619.805691208224744 ], [ -6230681.814128751866519, -3176690.225377299357206 ], [ -6230106.179534817114472, -3176760.469433308579028 ], [ -6229991.517626323737204, -3176774.458572212141007 ], [ -6229970.190345459617674, -3176715.874093804974109 ], [ -6229944.318940291181207, -3176644.80683088907972 ], [ -6229928.070466175675392, -3176600.173011965118349 ], [ -6229896.306425950489938, -3176609.363603219389915 ], [ -6229908.598235981538892, -3176615.180038164369762 ], [ -6229926.970218039117754, -3176669.972055592574179 ], [ -6229920.851895189844072, -3176682.259931337088346 ], [ -6229898.636054553091526, -3176739.529261816758662 ], [ -6229896.223608883097768, -3176786.938279475551099 ], [ -6229922.042750727385283, -3176847.363760671578348 ], [ -6229908.213552325032651, -3176881.276297577656806 ], [ -6229889.843363214284182, -3176982.175497646443546 ], [ -6229871.472885861061513, -3177083.075388664845377 ], [ -6229855.295028699561954, -3177187.728130027651787 ], [ -6229864.684230973944068, -3177209.437506171874702 ], [ -6229883.404714426957071, -3177214.789901819545776 ], [ -6229859.571394819766283, -3177247.032112377695739 ], [ -6229852.115995340980589, -3177277.366960900835693 ], [ -6229851.097171631641686, -3177303.438617803622037 ], [ -6229850.078342597931623, -3177329.510322840884328 ], [ -6229864.691484245471656, -3177366.887431727722287 ], [ -6229879.064516328275204, -3177392.127798573579639 ], [ -6229908.186343085020781, -3177461.924990298226476 ], [ -6229910.785280713811517, -3177489.55792038468644 ], [ -6229910.210507610812783, -3177564.721480842679739 ], [ -6229909.635715750046074, -3177639.885442796163261 ], [ -6229930.79742884542793, -3177696.137727102264762 ], [ -6229951.959307028912008, -3177752.390209231059998 ], [ -6229955.366277412511408, -3177827.354520483408123 ], [ -6229958.7732720579952, -3177902.319231650792062 ], [ -6229958.369837218895555, -3177982.309451214037836 ], [ -6229957.966383536346257, -3178062.300125635694712 ], [ -6229944.88066690415144, -3178130.089184652082622 ], [ -6229979.579771242104471, -3178252.176699680741876 ], [ -6230019.174327843822539, -3178391.487406647298485 ], [ -6230046.688575861975551, -3178492.819777473341674 ], [ -6230096.140595447272062, -3178696.033618472050875 ], [ -6230124.125176816247404, -3178811.029799107927829 ], [ -6230151.998198395594954, -3178879.198183187749237 ], [ -6230165.0683748209849, -3178904.360052471980453 ], [ -6230178.138597512617707, -3178929.521955850999802 ], [ -6230199.615571200847626, -3178981.835943919606507 ], [ -6230260.202574379742146, -3179061.791647947393358 ], [ -6230311.547462021000683, -3179072.520639642607421 ], [ -6230330.937818905338645, -3179123.984200946986675 ], [ -6230349.910407310351729, -3179145.159915985539556 ], [ -6230368.88305330183357, -3179166.335638564545661 ], [ -6230384.634451077319682, -3179189.793041197583079 ], [ -6230400.385901322588325, -3179213.250466596335173 ], [ -6230442.013088691979647, -3179252.994343693368137 ], [ -6230446.627046699635684, -3179263.902612525038421 ], [ -6230479.82202142290771, -3179249.712367385160178 ], [ -6230500.606475385837257, -3179297.797005988191813 ], [ -6230526.499861541204154, -3179401.398936736397445 ], [ -6230592.057487742044032, -3179343.501238128636032 ], [ -6230657.614570301026106, -3179285.603448747191578 ], [ -6230660.168698502704501, -3179324.405287240631878 ], [ -6230667.755408895201981, -3179439.660825122147799 ], [ -6230670.185299245640635, -3179501.68298101471737 ], [ -6230675.379187004640698, -3179559.280373914167285 ], [ -6230674.1488315500319, -3179589.315050284378231 ], [ -6230672.918468792922795, -3179619.34979055589065 ], [ -6230674.706735385581851, -3179637.418461367022246 ], [ -6230675.153025951236486, -3179655.431596550159156 ], [ -6230676.465327528305352, -3179672.854433654807508 ], [ -6230677.777631726115942, -3179690.27729232981801 ], [ -6230679.287232780829072, -3179696.94536603661254 ], [ -6230683.6821533953771, -3179697.427905281540006 ], [ -6230687.797477702610195, -3179716.292682319413871 ], [ -6230682.17996982857585, -3179735.791506825946271 ], [ -6230685.775607235729694, -3179760.134338094387203 ], [ -6230686.416736592538655, -3179785.853166586719453 ], [ -6230687.057866864837706, -3179811.572042184416205 ], [ -6230696.717186688445508, -3179847.296311867889017 ], [ -6230696.195293054915965, -3179885.156446603126824 ], [ -6230694.758936994709074, -3179989.353416708763689 ], [ -6230692.296332288533449, -3180160.59014441119507 ], [ -6230691.499035383574665, -3180215.900598150677979 ], [ -6230690.926001473329961, -3180255.652948137838393 ], [ -6230690.482246310450137, -3180286.436763516161591 ], [ -6230623.760961341671646, -3180246.773319872096181 ], [ -6230623.171995838172734, -3180553.230986949056387 ], [ -6230622.964847842231393, -3180701.734244093764573 ], [ -6230621.60883670207113, -3180960.26451006764546 ], [ -6230620.667440628632903, -3181139.726962552871555 ], [ -6230618.567605661228299, -3181539.970462130848318 ], [ -6230617.958117593079805, -3181618.73509089788422 ], [ -6230613.506232433952391, -3182062.452516415156424 ], [ -6230612.241211340762675, -3182173.08910299977288 ], [ -6230610.498536696657538, -3182316.973712767008692 ], [ -6230610.035611107945442, -3182355.19445700570941 ], [ -6230609.868959809653461, -3182368.953675685916096 ], [ -6230609.832840630784631, -3182371.935774410609156 ], [ -6230609.448943796567619, -3182403.631212550215423 ], [ -6230609.130819572135806, -3182429.896113301161677 ], [ -6230608.81269261892885, -3182456.161063119769096 ], [ -6230608.766193337738514, -3182512.15761840948835 ], [ -6230608.713212407194078, -3182588.377437428105623 ], [ -6230608.701955460011959, -3182623.532391631510109 ], [ -6230608.640142627991736, -3182816.418103587348014 ], [ -6230608.589092646725476, -3182975.523757497314364 ], [ -6230608.540093777701259, -3183128.071630449034274 ], [ -6230608.418350514955819, -3183506.397232558112592 ], [ -6230607.910346620716155, -3183724.461731312330812 ], [ -6230601.177665404044092, -3184726.14073637733236 ], [ -6230598.22821690980345, -3185137.582950054202229 ], [ -6230594.145744615234435, -3185631.911097566597164 ], [ -6230589.372485593892634, -3186196.905189583078027 ], [ -6230505.966707610525191, -3186565.860396918375045 ], [ -6230527.439256548881531, -3186859.167600175831467 ], [ -6230566.327310965396464, -3187390.354873975273222 ], [ -6230601.270201513543725, -3187867.643267549574375 ], [ -6230619.509416334331036, -3188090.045254111755639 ], [ -6230783.208810314536095, -3188157.792745135724545 ], [ -6231008.463373737409711, -3188251.011339704971761 ], [ -6231174.458277260884643, -3188319.703379497397691 ], [ -6231145.749573775567114, -3188545.935964501928538 ], [ -6231117.039823519065976, -3188772.172110747080296 ], [ -6231059.332582591101527, -3189267.995851928833872 ], [ -6231001.620683552697301, -3189763.836759853642434 ], [ -6230978.210289626382291, -3190074.027178399730474 ], [ -6230957.449917798861861, -3190349.096243215724826 ], [ -6230943.513180159032345, -3190533.74972827732563 ], [ -6230954.197707648389041, -3190615.296832680702209 ], [ -6230937.682142185978591, -3190781.261357018258423 ], [ -6230912.340830232016742, -3191035.910461417865008 ], [ -6230891.363781606778502, -3191246.699366888497025 ], [ -6230881.222100795246661, -3191404.866547189187258 ], [ -6230860.034859146922827, -3191735.288912754505873 ], [ -6230843.537160602398217, -3191994.949227668810636 ], [ -6230835.184328395873308, -3192128.908838489558548 ], [ -6230814.328476693481207, -3192463.37871027411893 ], [ -6230798.604825312271714, -3192743.544619106687605 ], [ -6230780.123661989346147, -3193072.832921792753041 ], [ -6230764.862664170563221, -3193344.806394367013127 ], [ -6230754.170761306770146, -3193536.256025680340827 ], [ -6230754.051728048361838, -3193673.218997214920819 ], [ -6230778.239678779616952, -3193634.272596868686378 ], [ -6230877.028979227878153, -3193455.075851167086512 ], [ -6231030.639806450344622, -3193176.430366788990796 ], [ -6231133.633220560848713, -3192989.599007013253868 ], [ -6231172.035681767389178, -3192708.262553448788822 ], [ -6231215.287618718110025, -3192669.306703760754317 ], [ -6231276.183841493912041, -3192565.144541130401194 ], [ -6231337.58233760856092, -3192442.137292900588363 ], [ -6231357.64939815364778, -3192411.673382691573352 ], [ -6231391.39372621010989, -3192387.454178692772985 ], [ -6231410.450707008130848, -3192294.197038515470922 ], [ -6231446.492530121468008, -3192153.076754556037486 ], [ -6231454.950876944698393, -3192061.373669510707259 ], [ -6231462.906992837786674, -3192009.224547444377095 ], [ -6231473.46917734015733, -3191980.207297980319709 ], [ -6231477.749424486421049, -3191915.799448291305453 ], [ -6231479.402029496617615, -3191858.19859540136531 ], [ -6231490.664532534778118, -3191804.765945298597217 ], [ -6231499.566514629870653, -3191748.821493164636195 ], [ -6231556.81570690497756, -3191618.528178282082081 ], [ -6231573.288414712995291, -3191553.029666222631931 ], [ -6231596.70159618742764, -3191499.950371962040663 ], [ -6231619.484508254565299, -3191468.844715922139585 ], [ -6231654.62863302975893, -3191430.766775076277554 ], [ -6231680.979299936443567, -3191388.541868565138429 ], [ -6231683.759550024755299, -3191376.404846844263375 ], [ -6231674.528606865555048, -3191359.03271353803575 ], [ -6231672.658390865661204, -3191339.430362481623888 ], [ -6231682.799538413994014, -3191325.063153655268252 ], [ -6231734.386071559041739, -3191308.722575466614217 ], [ -6231785.972488379105926, -3191292.381818615365773 ], [ -6231865.419942984357476, -3191236.039340546354651 ], [ -6231864.283633323386312, -3191179.326877694576979 ], [ -6231871.678495805710554, -3191170.454568471759558 ], [ -6231902.066517480649054, -3191133.995106544345617 ], [ -6231931.998886835761368, -3191107.983761910814792 ], [ -6231942.48929407261312, -3191081.409377676434815 ], [ -6231972.491324776783586, -3191052.95662397518754 ], [ -6232012.284068627282977, -3191022.343857735861093 ], [ -6232031.699663411825895, -3190981.367284508887678 ], [ -6232051.11514060664922, -3190940.390800125431269 ], [ -6232070.976317975670099, -3190926.305119292344898 ], [ -6232102.157948142848909, -3190899.108249640092254 ], [ -6232133.339456510730088, -3190871.911358170211315 ], [ -6232178.131492319516838, -3190836.556350354570895 ], [ -6232277.295699437148869, -3190771.010264431592077 ], [ -6232307.366371044889092, -3190740.115947321988642 ], [ -6232351.808120132423937, -3190716.967639939393848 ], [ -6232362.157648659311235, -3190695.276408797129989 ], [ -6232391.878479416482151, -3190676.58892413135618 ], [ -6232414.413632003590465, -3190654.028478415682912 ], [ -6232436.948711269535124, -3190631.468029777985066 ], [ -6232481.180321221239865, -3190615.643543468788266 ], [ -6232569.783050772733986, -3190565.287115470506251 ], [ -6232633.675531033426523, -3190513.156445392407477 ], [ -6232659.176713927648962, -3190492.349571040831506 ], [ -6232697.112405565567315, -3190446.530856955330819 ], [ -6232725.936485828831792, -3190411.716965039260685 ], [ -6233007.550538686104119, -3190327.877512722276151 ], [ -6233289.161343950778246, -3190244.032679229509085 ], [ -6233326.131928901188076, -3190124.824831760022789 ], [ -6233324.049526673741639, -3190110.821204466745257 ], [ -6233366.319908378645778, -3190094.247105641290545 ], [ -6233434.415301194414496, -3190067.546772315632552 ], [ -6233442.696719996631145, -3190067.643144179135561 ], [ -6233528.281427113339305, -3190010.806805214378983 ], [ -6233536.477276249788702, -3189979.280601244885474 ], [ -6233532.871265542693436, -3189935.197620968334377 ], [ -6233516.975707997567952, -3189895.646918947808444 ], [ -6233522.462871190160513, -3189873.815837693400681 ], [ -6233574.2944021448493, -3189847.213223881088197 ], [ -6233626.125738568603992, -3189820.610458802431822 ], [ -6233650.425864282995462, -3189821.311114533338696 ], [ -6233679.307534247636795, -3189831.916831454262137 ], [ -6233696.944368839263916, -3189810.436053927987814 ], [ -6233710.13897102419287, -3189774.16775041911751 ], [ -6233761.795770010910928, -3189753.667664370499551 ], [ -6233810.465436140075326, -3189752.627236554399133 ], [ -6233820.463973674923182, -3189743.142437359783798 ], [ -6233827.133944521658123, -3189679.810650094877928 ], [ -6233857.305402514524758, -3189607.549804040230811 ], [ -6234005.115597654134035, -3189451.978115702513605 ], [ -6234168.047591565176845, -3189295.469989288132638 ], [ -6234261.309484377503395, -3189229.381607281509787 ], [ -6234420.635773811489344, -3189231.420568461529911 ], [ -6234489.514704714529216, -3189140.188639594241977 ], [ -6234547.381822147406638, -3189037.602573363576084 ], [ -6234620.191396082751453, -3188950.426297652069479 ], [ -6234687.494612708687782, -3188857.57310093799606 ], [ -6234771.313223448581994, -3188781.751116992905736 ], [ -6234848.052492168731987, -3188698.630105671938509 ], [ -6234946.026148905046284, -3188637.405578078702092 ], [ -6235034.560999563895166, -3188566.448947120457888 ], [ -6235119.948963319882751, -3188492.248232137877494 ], [ -6235193.538562150672078, -3188405.883070115465671 ], [ -6235236.453965568915009, -3188287.891251262743026 ], [ -6235286.447014114819467, -3188177.19866882963106 ], [ -6235376.550164338201284, -3188107.863880713004619 ], [ -6235483.955280112102628, -3188056.368949161842465 ], [ -6235568.551207916811109, -3187981.357067921198905 ], [ -6235657.078708218410611, -3187910.399523694533855 ], [ -6235760.548795368522406, -3187854.848607830703259 ], [ -6235856.153041859157383, -3187791.188320824410766 ], [ -6235907.712306369096041, -3187682.118941987864673 ], [ -6235976.642550026997924, -3187604.393233553506434 ], [ -6236006.28504971601069, -3187540.4091508644633 ], [ -6236029.704221207648516, -3187483.442492479458451 ], [ -6236065.735608699731529, -3187444.958039588294923 ], [ -6236177.873869148083031, -3187442.807601122185588 ], [ -6236269.539385223761201, -3187373.184816909022629 ], [ -6236366.100456727668643, -3187313.761238551698625 ], [ -6236490.386064524762332, -3187249.636057523079216 ], [ -6236569.013321214355528, -3187215.311438692267984 ], [ -6236668.020375376567245, -3187160.985997006762773 ], [ -6236785.634184111841023, -3187145.41708905575797 ], [ -6236897.780225391499698, -3187080.941811555996537 ], [ -6236968.520506133325398, -3187003.688318374101073 ], [ -6236937.306992560625076, -3186900.872905790340155 ], [ -6236875.734043983742595, -3186827.782513291575015 ], [ -6236937.309853238984942, -3186664.813137744553387 ], [ -6237032.30480344966054, -3186592.178113463334739 ], [ -6237103.802111401222646, -3186503.935925343073905 ], [ -6237148.982383665628731, -3186398.214441106189042 ], [ -6237161.456276239827275, -3186354.583030670881271 ], [ -6237143.148957804776728, -3186095.21566103072837 ], [ -6237104.831826819106936, -3186007.969840745441616 ], [ -6237188.149842644110322, -3185794.998828157782555 ], [ -6237274.35922672227025, -3185648.885790062136948 ], [ -6237367.414492611773312, -3185506.703253793530166 ], [ -6237441.841346109285951, -3185419.025862867478281 ], [ -6237497.680693274363875, -3185320.682934605050832 ], [ -6237588.427803550846875, -3185158.606679665390402 ], [ -6237530.73044515773654, -3184935.503902574069798 ], [ -6237587.666785947047174, -3184704.71923352079466 ], [ -6237579.169175271876156, -3184508.567940405104309 ], [ -6237808.837218782864511, -3184240.248615124262869 ], [ -6237949.826824508607388, -3183778.321882174815983 ], [ -6238090.806655316613615, -3183316.408628091681749 ], [ -6237943.317418992519379, -3182619.183670612517744 ], [ -6238021.14118354767561, -3182058.555096345022321 ], [ -6238334.428684812039137, -3181529.036288041155785 ], [ -6238757.248777732253075, -3180814.339666053187102 ], [ -6238888.486544470302761, -3180592.49660141998902 ], [ -6239186.630501303821802, -3180606.053807801567018 ], [ -6239484.775222451426089, -3180619.604582574218512 ], [ -6239588.799908402375877, -3180421.797440099995583 ], [ -6239680.811307717114687, -3180223.734439558815211 ], [ -6239792.631027719937265, -3180073.815513026900589 ], [ -6239963.456811532378197, -3179998.595592285972089 ], [ -6240007.718424499966204, -3179927.374684415291995 ], [ -6240003.589883963577449, -3179776.037378338631243 ], [ -6239996.518517021089792, -3179516.826826009899378 ], [ -6239992.377656075172126, -3179365.037998249288648 ], [ -6239931.582597361877561, -3179036.476875173859298 ], [ -6239870.790199379436672, -3178707.923243931028992 ], [ -6240017.312228478491306, -3178468.919308362994343 ], [ -6240189.255781108513474, -3178454.034894518554211 ], [ -6240192.86065424606204, -3178384.37552589783445 ], [ -6240118.57555163372308, -3178385.511848527006805 ], [ -6240192.489711246453226, -3178294.602712080813944 ], [ -6240398.351307695731521, -3178177.724792303983122 ], [ -6240445.12249060254544, -3178046.239078359212726 ], [ -6240242.809231298975646, -3177800.146352580748498 ], [ -6240199.933740628883243, -3177688.955187723971903 ], [ -6240026.000348906032741, -3177594.101239272858948 ], [ -6239852.069372216239572, -3177499.245800877455622 ], [ -6239962.670093542896211, -3177295.981480733957142 ], [ -6239943.224360877647996, -3177183.247358549851924 ], [ -6239932.357581790536642, -3177053.849785395897925 ], [ -6239907.017883490771055, -3177019.230240493547171 ], [ -6239852.791574326343834, -3176707.6489187348634 ], [ -6239913.741407974623144, -3176608.079037513583899 ], [ -6240010.151892757043242, -3176590.26778566185385 ], [ -6240016.338537654839456, -3176524.358370652422309 ], [ -6240021.472866228781641, -3176429.269563386682421 ], [ -6240013.268568218685687, -3176299.930486414115876 ], [ -6240005.064388905651867, -3176170.592597915790975 ], [ -6240020.575830086134374, -3176009.466585468966514 ], [ -6239920.196895411238074, -3175961.808224427979439 ], [ -6239819.818664083257318, -3175914.149312936235219 ], [ -6239714.898133120499551, -3175918.372439060825855 ], [ -6239609.977561082690954, -3175922.594765449408442 ], [ -6239594.551962815225124, -3175888.872805504128337 ], [ -6239480.368393960408866, -3175856.278481482062489 ], [ -6239391.70726128295064, -3175830.968976116739213 ], [ -6239313.515833385288715, -3175799.591270161792636 ], [ -6239212.678618594072759, -3175759.12520666886121 ], [ -6239147.050617562606931, -3175732.7881766455248 ], [ -6239052.153116842731833, -3175703.157721522729844 ], [ -6239013.959615840576589, -3175670.064634582027793 ], [ -6238975.766297188587487, -3175636.97152480436489 ], [ -6238879.714331808499992, -3175609.156991115771234 ], [ -6238783.662767744623125, -3175581.341853740159422 ], [ -6238643.637291627936065, -3175574.257117202971131 ], [ -6238503.611998619511724, -3175567.170965035911649 ] ] ] ] } },
{ "type": "Feature", "properties": { "Layer": "limite seccion", "Text": "013", "UT": "UTS" }, "geometry": { "type": "MultiPolygon", "coordinates": [ [ [ [ -6227372.483266650699079, -3177662.937623 ], [ -6224458.026483187451959, -3178030.378170680254698 ], [ -6223105.527275742031634, -3178176.734973058104515 ], [ -6223074.468725823797286, -3178191.929574753157794 ], [ -6223037.893586145713925, -3178237.041761577595025 ], [ -6222931.594515110366046, -3178299.010557598434389 ], [ -6223013.141029712744057, -3178361.948437821120024 ], [ -6223121.86296334862709, -3178393.211620608810335 ], [ -6223233.110015231184661, -3178517.478346812073141 ], [ -6223222.945598758757114, -3178608.403841511812061 ], [ -6223143.58163783326745, -3178667.871966828592122 ], [ -6223033.104643557220697, -3178658.221688167192042 ], [ -6223025.0986865516752, -3178732.157327336724848 ], [ -6223010.420263918116689, -3178831.652330434415489 ], [ -6223077.250282984226942, -3178820.316361211240292 ], [ -6223206.035336320288479, -3178872.515501994173974 ], [ -6223290.602636910043657, -3178842.855196106713265 ], [ -6223323.768543235957623, -3178900.23209080984816 ], [ -6223283.2896932316944, -3178956.957066974136978 ], [ -6223264.802478526718915, -3179012.836616263724864 ], [ -6223287.440956894308329, -3179077.97101672179997 ], [ -6223485.925520313903689, -3179328.670482555404305 ], [ -6223487.760541406460106, -3179332.456979853101075 ], [ -6223603.083962582983077, -3179426.040110499598086 ], [ -6223698.625883183442056, -3179482.941573888529092 ], [ -6223741.057491519488394, -3179535.94497589673847 ], [ -6223790.995839459821582, -3179580.873052581213415 ], [ -6223797.63416269980371, -3179611.230080635286868 ], [ -6223815.590595725923777, -3179617.285445684101433 ], [ -6223818.698769189417362, -3179638.360725524369627 ], [ -6223833.306526273488998, -3179660.952171386685222 ], [ -6223840.842330086044967, -3179673.134751267265528 ], [ -6223856.698555556125939, -3179691.180938830133528 ], [ -6223864.540170723572373, -3179701.307458177674562 ], [ -6223881.367464570328593, -3179718.291136520914733 ], [ -6223892.458264790475368, -3179745.124721992295235 ], [ -6223904.443925568833947, -3179768.119171655271202 ], [ -6223914.684548057615757, -3179791.233990056440234 ], [ -6223925.361468083225191, -3179830.927495501469821 ], [ -6223940.131590807810426, -3179860.925138535909355 ], [ -6223941.992293855175376, -3179877.385488136671484 ], [ -6223949.350261929444969, -3179913.026461868546903 ], [ -6223970.171729067340493, -3179900.823909438680857 ], [ -6223985.496620776131749, -3179927.852011048234999 ], [ -6224018.48484804853797, -3180031.492427768185735 ], [ -6224042.706444247625768, -3180055.284436363726854 ], [ -6224103.730357851833105, -3180095.620178858283907 ], [ -6224113.717550029046834, -3180095.404851445928216 ], [ -6224124.281065565533936, -3180095.177090534940362 ], [ -6224134.191303733736277, -3180100.892560954205692 ], [ -6224143.561397600919008, -3180125.731596573255956 ], [ -6224171.930166391655803, -3180128.118053374812007 ], [ -6224193.939666019752622, -3180127.021478654351085 ], [ -6224211.742078892886639, -3180131.746545863337815 ], [ -6224249.302352360449731, -3180143.513819502666593 ], [ -6224283.841736032627523, -3180160.61045013088733 ], [ -6224311.267352251335979, -3180177.215430094394833 ], [ -6224333.540892142802477, -3180193.048131497111171 ], [ -6224363.128547029569745, -3180223.296823668759316 ], [ -6224413.44430558104068, -3180240.031929776072502 ], [ -6224438.945698936469853, -3180242.759249586611986 ], [ -6224458.735870602540672, -3180250.706632803194225 ], [ -6224469.918663869611919, -3180263.1060781176202 ], [ -6224480.135112174786627, -3180277.796716778539121 ], [ -6224518.373613665811718, -3180304.951102719642222 ], [ -6224553.715170281007886, -3180321.524732055142522 ], [ -6224570.464818879030645, -3180328.550424487330019 ], [ -6224588.605629951693118, -3180340.163379021920264 ], [ -6224645.459311284124851, -3180367.438174374867231 ], [ -6224679.965572685003281, -3180366.885080139152706 ], [ -6224732.765887706540525, -3180360.822437984403223 ], [ -6224737.04987474437803, -3180359.407429437618703 ], [ -6224768.670853551477194, -3180351.973457664251328 ], [ -6224800.801490894518793, -3180330.568029653280973 ], [ -6224841.165592305362225, -3180319.802555065602064 ], [ -6224866.297723210416734, -3180322.769665561616421 ], [ -6224892.752443487755954, -3180330.262566410005093 ], [ -6224921.363999590277672, -3180335.27288405271247 ], [ -6224932.212212800979614, -3180339.742258405312896 ], [ -6224957.828756314702332, -3180344.955113159958273 ], [ -6225000.123029978014529, -3180364.52171880658716 ], [ -6225020.006984213367105, -3180373.279422066174448 ], [ -6225097.307118814438581, -3180417.276145219802856 ], [ -6225175.863164796493948, -3180469.51430529775098 ], [ -6225208.587816691957414, -3180496.194064093753695 ], [ -6225218.555370553396642, -3180504.320387734100223 ], [ -6225222.936170363798738, -3180507.891952092759311 ], [ -6225230.257090399973094, -3180513.860523157287389 ], [ -6225241.161059871315956, -3180522.750257042236626 ], [ -6225259.014276883564889, -3180542.260469550732523 ], [ -6225283.173005681484938, -3180568.661343849264085 ], [ -6225317.636573871597648, -3180606.323283037170768 ], [ -6225329.332074185833335, -3180620.445667505729944 ], [ -6225344.069498460739851, -3180638.24115933617577 ], [ -6225355.530753135681152, -3180653.157552713062614 ], [ -6225360.991322244517505, -3180658.674275266937912 ], [ -6225366.008152294903994, -3180664.732092164922506 ], [ -6225369.603136708959937, -3180669.073029324878007 ], [ -6225390.285278075374663, -3180694.046634373720735 ], [ -6225417.485433803871274, -3180709.065488254185766 ], [ -6225441.15113883279264, -3180722.132701685652137 ], [ -6225492.017209324985743, -3180750.218643706291914 ], [ -6225526.964321021921933, -3180765.142157601658255 ], [ -6225602.162380664609373, -3180797.253738889936358 ], [ -6225610.478841993957758, -3180811.454204021953046 ], [ -6225617.491755930706859, -3180823.42883067112416 ], [ -6225624.033625973388553, -3180834.599132826086134 ], [ -6225630.818604083731771, -3180846.184532030019909 ], [ -6225643.238038700073957, -3180867.390774370636791 ], [ -6225661.773274849168956, -3180899.039699014276266 ], [ -6225673.370793952606618, -3180910.644033220596611 ], [ -6225681.182860347442329, -3180931.771638508420438 ], [ -6225687.845025982707739, -3180949.789329430088401 ], [ -6225717.553981061093509, -3181014.570426140446216 ], [ -6225768.434939527884126, -3181039.698620918672532 ], [ -6225823.068646849133074, -3181066.679900887887925 ], [ -6225866.244827282615006, -3181067.342408618424088 ], [ -6225922.91486416850239, -3181068.21176433423534 ], [ -6225974.540823836810887, -3181069.003537395037711 ], [ -6225969.009875632822514, -3181101.628123946953565 ], [ -6226055.101700818166137, -3181096.575846794527024 ], [ -6226089.544488453306258, -3181094.554428728297353 ], [ -6226131.857667584903538, -3181088.728658122010529 ], [ -6226206.016828597523272, -3181078.51794207142666 ], [ -6226322.488930828869343, -3181062.480478803627193 ], [ -6226413.279534083791077, -3180989.78803787752986 ], [ -6226449.298105745576322, -3180957.500879461411387 ], [ -6226457.273685216903687, -3180950.351521836593747 ], [ -6226470.14723355602473, -3180938.811577235348523 ], [ -6226477.816712437197566, -3180931.936588629148901 ], [ -6226488.459751153364778, -3180922.396061582490802 ], [ -6226501.267587661743164, -3180910.914967756718397 ], [ -6226543.612385085783899, -3180905.47981925914064 ], [ -6226575.724035874940455, -3180901.358053253032267 ], [ -6226618.204960947856307, -3180895.905197251122445 ], [ -6226714.129387537948787, -3180834.542127972934395 ], [ -6226827.797251211479306, -3180812.320286710280925 ], [ -6226864.331174740567803, -3180801.809559284243733 ], [ -6226882.52973950188607, -3180796.573833679314703 ], [ -6226908.99594290368259, -3180788.959462157916278 ], [ -6226937.159646520391107, -3180780.601159687619656 ], [ -6226968.755294649861753, -3180756.09657169599086 ], [ -6227013.494363478384912, -3180720.964186149183661 ], [ -6227039.594524336047471, -3180700.468321592081338 ], [ -6227074.464882014319301, -3180707.934296221006662 ], [ -6227109.33527981583029, -3180715.400187617633492 ], [ -6227152.127457350492477, -3180699.802602436859161 ], [ -6227152.127478287555277, -3180699.80260269716382 ], [ -6227196.66091485414654, -3180683.57016539061442 ], [ -6227215.718904900364578, -3180676.623481057584286 ], [ -6227243.951546032913029, -3180667.901947304606438 ], [ -6227257.935981594957411, -3180663.581898170057684 ], [ -6227269.60195005312562, -3180659.978054100181907 ], [ -6227288.924903992563486, -3180654.008794536348432 ], [ -6227323.484872212633491, -3180643.332431691233069 ], [ -6227343.374578380025923, -3180637.188004030380398 ], [ -6227372.786214241757989, -3180628.101955856196582 ], [ -6227397.720098221674562, -3180620.399151618592441 ], [ -6227405.669066922739148, -3180617.943472758866847 ], [ -6227418.197026822715998, -3180614.073193553369492 ], [ -6227431.250347541645169, -3180610.040600508917123 ], [ -6227449.676344929262996, -3180597.297936308663338 ], [ -6227462.225072998553514, -3180588.61972922179848 ], [ -6227480.707390514202416, -3180575.838053419720381 ], [ -6227506.991533099673688, -3180557.660864177159965 ], [ -6227530.164193099364638, -3180541.635404023341835 ], [ -6227541.881248403340578, -3180541.818233244586736 ], [ -6227555.380132225342095, -3180542.028853183146566 ], [ -6227591.654279884882271, -3180542.594764646142721 ], [ -6227616.531347437761724, -3180537.386528808157891 ], [ -6227640.099322102963924, -3180519.684638598933816 ], [ -6227710.124201034195721, -3180480.271662733983248 ], [ -6227750.266908571124077, -3180469.45627915719524 ], [ -6227726.966449415311217, -3180296.372347282245755 ], [ -6227684.04727070312947, -3179977.5492676300928 ], [ -6227681.284804947674274, -3179955.031628965400159 ], [ -6227669.632140126079321, -3179956.476387159898877 ], [ -6227605.774142263457179, -3179390.088977802544832 ], [ -6227493.534845199435949, -3179404.433596584480256 ], [ -6227492.261850423179567, -3179393.577538057696074 ], [ -6227487.373058033175766, -3179344.076867058407515 ], [ -6227469.899813092313707, -3179200.184796495363116 ], [ -6227446.487016969360411, -3179007.378778299782425 ], [ -6227426.177214782685041, -3178840.124483466614038 ], [ -6227424.801966321654618, -3178828.762949774973094 ], [ -6227463.621640915051103, -3178823.922128507401794 ], [ -6227602.069455084390938, -3178805.524068697821349 ], [ -6227922.036931580863893, -3178767.4142588339746 ], [ -6228275.186293224804103, -3178723.638247618451715 ], [ -6228342.750298292376101, -3178715.247413638047874 ], [ -6227573.212119433097541, -3177856.799328065942973 ], [ -6227492.967993226833642, -3177772.149880196433514 ], [ -6227453.123210123740137, -3177729.170299091376364 ], [ -6227394.236041620373726, -3177660.39460259443149 ], [ -6227372.483266650699079, -3177662.937623 ] ] ] ] } }
]
}
